id,title,content,url,source,author,category,published_at,prediction,score,collected_at
1,Tens of thousands descend on London for rival protests,"A heavy police operation is in place for the Unite the Kingdom march, organised by Tommy Robinson, and a separate pro-Palestinian protest.",https://www.bbc.com/news/articles/c3d2ryyz0jzo?at_medium=RSS&at_campaign=rss,BBC,Inconnu,General,2026-05-16T09:45:37.367140,,,2026-05-16T09:45:37.367140
2,The race to replace Starmer is on - but he still faces a momentous choice,"Labour is consumed by drama, but the PM still faces big decisions - and what could be his final choice.",https://www.bbc.com/news/articles/cx213m1d82lo?at_medium=RSS&at_campaign=rss,BBC,Inconnu,General,2026-05-16T09:45:37.367140,,,2026-05-16T09:45:37.367140
3,"Trump warns Taiwan against declaring independence, hours after summit with China's Xi","The US president says he wants Beijing and Taipei to ""cool down"" tensions over the self-governing island.",https://www.bbc.com/news/articles/ce8p61v7l68o?at_medium=RSS&at_campaign=rss,BBC,Inconnu,General,2026-05-16T09:45:37.367140,,,2026-05-16T09:45:37.367140
4,Switzerland to open secret files on Auschwitz 'Angel of Death' Mengele,Mengele fled Europe after the war but for years there were rumours he spent time in Switzerland.,https://www.bbc.com/news/articles/cgjpyqjj8y4o?at_medium=RSS&at_campaign=rss,BBC,Inconnu,General,2026-05-16T09:45:37.367140,,,2026-05-16T09:45:37.367140
5,"Eurovision final: Sex, violins and seven other things to look out for","A guide to the stand-out moments of Eurovision 2026, ahead of Saturday night's final in Vienna.",https://www.bbc.com/news/articles/c1d2qe73ly7o?at_medium=RSS&at_campaign=rss,BBC,Inconnu,General,2026-05-16T09:45:37.367140,,,2026-05-16T09:45:37.367140
6,I tried the UK's 'saltiest' sandwich - here's what I learned,Health correspondent James Gallagher absorbs more than the recommended daily limit in just one meal to find out how salt affects our bodies.,https://www.bbc.com/news/articles/cd9pylq25y9o?at_medium=RSS&at_campaign=rss,BBC,Inconnu,General,2026-05-16T09:45:37.367140,,,2026-05-16T09:45:37.367140
7,"'They took 20,000 I didn't owe': Parents hit by child maintenance errors",John Hammond is one of 30 parents who told BBC Your Voice they'd experienced problems with the CMS.,https://www.bbc.com/news/articles/cq8wjn98y85o?at_medium=RSS&at_campaign=rss,BBC,Inconnu,General,2026-05-16T09:45:37.367140,,,2026-05-16T09:45:37.367140
8,What is a 'safe death'? Mentally ill woman asks for assisted dying in Canada,Canada has twice delayed access to medically assisted dying for those with mental illness. Claire Brosseau says she cannot wait any longer and wants the courts to decide.,https://www.bbc.com/news/articles/c78qzpg0n0go?at_medium=RSS&at_campaign=rss,BBC,Inconnu,General,2026-05-16T09:45:37.367140,,,2026-05-16T09:45:37.367140
9,Alleged murder of Aboriginal girl highlights Australia's deep inequalities,Her death has sparked outrage across Australia and intense debate about disparities in society.,https://www.bbc.com/news/articles/cq6p57mnz9lo?at_medium=RSS&at_campaign=rss,BBC,Inconnu,General,2026-05-16T09:45:37.367140,,,2026-05-16T09:45:37.367140
10,Everything you need to know about tonight's final,Eurovision 2026 is taking place in Vienna after Austrian singer JJ won the 2025 event.,https://www.bbc.com/news/articles/cx2g7z375l9o?at_medium=RSS&at_campaign=rss,BBC,Inconnu,General,2026-05-16T09:45:37.367140,,,2026-05-16T09:45:37.367140
11,How much do you know about Europe's biggest pop spectacle?,Are you the ultimate Eurovision superfan? Take our quiz to find out,https://www.bbc.com/news/articles/c4g7zd66e13o?at_medium=RSS&at_campaign=rss,BBC,Inconnu,General,2026-05-16T09:45:37.367140,,,2026-05-16T09:45:37.367140
12,"Meet the UK's Eurovision act, Look Mum No Computer","""It could go well or completely wrong, I'm just here for the ride,"" says song contest hopeful Sam Battle.",https://www.bbc.com/news/articles/clyp6w9ejyko?at_medium=RSS&at_campaign=rss,BBC,Inconnu,General,2026-05-16T09:45:37.367140,,,2026-05-16T09:45:37.367140
13,"Senior IS leader killed in joint operation, US and Nigeria say","President Donald Trump said the operation eliminated ""the most active terrorist in the world"", Abu-Bilal al-Minuki.",https://www.bbc.com/news/articles/cy72p2kpd03o?at_medium=RSS&at_campaign=rss,BBC,Inconnu,General,2026-05-16T09:45:37.367140,,,2026-05-16T09:45:37.367140
14,Call for more meningitis vaccines after teen dies,Head of Meningitis Now wants to see a wider rollout after Oxfordshire sixth-form pupil's death.,https://www.bbc.com/news/articles/c99lg2d4r84o?at_medium=RSS&at_campaign=rss,BBC,Inconnu,General,2026-05-16T09:45:37.367140,,,2026-05-16T09:45:37.367140
15,Man killed by 13ft great white shark in Western Australia,"The man was bitten just before 10:00 (03:00 BST) at Horseshoe Reef - north-west of the popular Rottnest Island near the city of Perth, local police said.",https://www.bbc.com/news/articles/c1m2xy3dr20o?at_medium=RSS&at_campaign=rss,BBC,Inconnu,General,2026-05-16T09:45:37.370119,,,2026-05-16T09:45:37.370119
16,"How Rayner, Streeting and Burnham weakened PM in 12 hours of political drama",Three interventions by three senior Labour politicians made for an unforgettable day in British politics.,https://www.bbc.com/news/articles/cvgzjj474ywo?at_medium=RSS&at_campaign=rss,BBC,Inconnu,General,2026-05-16T09:45:37.370119,,,2026-05-16T09:45:37.370119
17,Spring warmth set to return with 26C forecast next week,"After feeling pretty cold with heavy showers and hail, the weather is picking up with a return to some spring warmth next week, as Simon King explains",https://www.bbc.com/weather/articles/cx21rj9j7xpo?at_medium=RSS&at_campaign=rss,BBC,Inconnu,General,2026-05-16T09:45:37.370119,,,2026-05-16T09:45:37.370119
18,US planning to criminally indict ex-Cuban leader Raul Castro,Charges could come as soon as next week in a case reportedly focused on Cuba's downing of two planes in 1996.,https://www.bbc.com/news/articles/c1w2gnd9xp2o?at_medium=RSS&at_campaign=rss,BBC,Inconnu,General,2026-05-16T09:45:37.370119,,,2026-05-16T09:45:37.370119
19,British firm vying to build next Red Arrows jets collapses,Aeralis was hoping the UK government would award it a contract to replace the Hawk jets currently flown by the RAF.,https://www.bbc.com/news/articles/cpwp11v82lno?at_medium=RSS&at_campaign=rss,BBC,Inconnu,General,2026-05-16T09:45:37.370119,,,2026-05-16T09:45:37.370119
20,Giant new dinosaur identified from fossils in Thailand,The nagatitan is the largest dinosaur found in South-East Asia and weighs as much as nine elephants.,https://www.bbc.com/news/articles/cx21pk5g20ro?at_medium=RSS&at_campaign=rss,BBC,Inconnu,General,2026-05-16T09:45:37.370119,,,2026-05-16T09:45:37.370119
21,"Boy, 9, aims to become youngest amputee to complete Three Peaks challenge",Albie-Junior Thomas hopes to scale the UK's three highest peaks in 24 hours wearing a prosthetic.,https://www.bbc.com/news/articles/cevpx7817lxo?at_medium=RSS&at_campaign=rss,BBC,Inconnu,General,2026-05-16T09:45:37.370119,,,2026-05-16T09:45:37.370119
22,New bypass named Pork Pie Way in defining moment for Melton Mowbray,"Animal rights charity Peta says the name for the new road was ""pig-demeaning"".",https://www.bbc.com/news/articles/c8e81wrp04go?at_medium=RSS&at_campaign=rss,BBC,Inconnu,General,2026-05-16T09:45:37.370119,,,2026-05-16T09:45:37.370119
23,I became my sister's carer at six - she amazes me every day,Vicky Lilly refuses to let her disability get in the way of her independence.,https://www.bbc.com/news/articles/c1k2837vyxjo?at_medium=RSS&at_campaign=rss,BBC,Inconnu,General,2026-05-16T09:45:37.370119,,,2026-05-16T09:45:37.370119
24,BBC News app,"Top stories, breaking news, live reporting, and follow news topics that match your interests",https://www.bbc.co.uk/news/10628994?at_medium=RSS&at_campaign=rss,BBC,Inconnu,General,2026-05-16T09:45:37.370119,,,2026-05-16T09:45:37.370119
25,The Week: How did Labour get here and where do they go now?,And who are the potential challengers to Keir Starmer?,https://www.bbc.co.uk/sounds/play/p0nkrlhy?at_medium=RSS&at_campaign=rss,BBC,Inconnu,General,2026-05-16T09:45:37.370119,,,2026-05-16T09:45:37.370119
26,Why Democrats are panicking about losing California,Has Americas largest state become ungovernable?,https://www.bbc.co.uk/sounds/play/w3ct8lz2?at_medium=RSS&at_campaign=rss,BBC,Inconnu,General,2026-05-16T09:45:37.370119,,,2026-05-16T09:45:37.370119
27,A cross-cultural rom-com about an assisted marriage,"Her best friend's journey into marriage, challenges Zoe's own attitude toward relationships",https://www.bbc.co.uk/iplayer/episode/m0024z37/whats-love-got-to-do-with-it?at_mid=gwNkhmpDbl&at_campaign=Whats_Love_Got_to_Do_with_It?&at_medium=display_ad&at_campaign_type=owned&at_audience_id=SS&at_product=iplayer&at_brand=m0024z37&at_ptr_name=bbc&at_ptr_type=media&at_format=image&at_objective=consumption&at_link_title=Whats_Love_Got_to_Do_with_It?&at_bbc_team=BBC,BBC,Inconnu,General,2026-05-16T09:45:37.370119,,,2026-05-16T09:45:37.370119
28,Man Utd reach agreement to appoint Carrick manager,Manchester United reach an agreement with Michael Carrick to become the club's permanent head coach.,https://www.bbc.com/sport/football/articles/c392r8v1jz4o?at_medium=RSS&at_campaign=rss,BBC,Inconnu,General,2026-05-16T09:45:37.370119,,,2026-05-16T09:45:37.370119
29,"'We crumbled' - another loss, another unwanted record for leaky Liverpool","Arne Slot says his Liverpool side ""crumbled"" during their thumping defeat by Aston Villa, as the pressure on him continues to mount.",https://www.bbc.com/sport/football/articles/c392rp8lwe1o?at_medium=RSS&at_campaign=rss,BBC,Inconnu,General,2026-05-16T09:45:37.370119,,,2026-05-16T09:45:37.370119
30,McIlroy recovers as Scheffler hits out at 'absurd' pins,Northern Ireland's Rory McIlroy drags himself back into contention as Aronimink continues to punish the world's best golfers at the US PGA Championship.,https://www.bbc.com/sport/golf/articles/c1w2gl9x2v0o?at_medium=RSS&at_campaign=rss,BBC,Inconnu,General,2026-05-16T09:45:37.370119,,,2026-05-16T09:45:37.370119
31,Trump pleads not guilty to 34 felony counts,,https://edition.cnn.com/webview/politics/live-news/trump-indictment-stormy-daniels-news-04-03-23/index.html,CNN,Inconnu,General,2026-05-16T09:45:40.167232,,,2026-05-16T09:45:40.167232
32,Haberman reveals why Trump attacked judge and his family in speech,CNN political contributor Maggie Haberman explains the reasoning behind Donald Trump's attacks on the judge and his family during a speech at his Mar-a-Lago resort after he was arraigned on felony charges.,https://www.cnn.com/videos/politics/2023/04/05/maggie-haberman-donald-trump-speech-indictment-reaction-sot-cnntm-vpx.cnn,CNN,Inconnu,General,2026-05-16T09:45:40.167232,,,2026-05-16T09:45:40.167232
33,What to know about the Trump indictment on the eve of his court appearance,,https://www.cnn.com/collections/intl-trump-040223/,CNN,Inconnu,General,2026-05-16T09:45:40.167232,,,2026-05-16T09:45:40.167232
34,READ: Trump indictment related to hush money payment,,https://cnn.it/411KYN7,CNN,Inconnu,General,2026-05-16T09:45:40.167232,,,2026-05-16T09:45:40.167232
35,Russian authorities detain suspect over St. Petersburg cafe blast,,https://edition.cnn.com/webview/europe/live-news/russia-ukraine-war-news-04-03-23/index.html,CNN,Inconnu,General,2026-05-16T09:45:40.167232,,,2026-05-16T09:45:40.167232
36,Video shows moment of deadly explosion at cafe in Russia,"A well-known Russian military blogger, Vladlen Tatarsky, was killed in an explosion at a cafe in St. Petersburg, authorities said. CNN's Matthew Chance reports.",https://www.cnn.com/videos/world/2023/04/02/russian-military-blogger-vladlen-tatarsky-killed-cafe-explosion-chance-vpx.cnn,CNN,Inconnu,General,2026-05-16T09:45:40.167232,,,2026-05-16T09:45:40.167232
37,"Wall Street Journal reporter Evan Gershkovich appeals against arrest, Russian state media says",,https://www.cnn.com/collections/intl-ukraine-030423/,CNN,Inconnu,General,2026-05-16T09:45:40.167232,,,2026-05-16T09:45:40.167232
38,Suspected Chinese spy balloon was able to transmit information back to Beijing,"The suspected Chinese spy balloon that transited the US earlier this year was able to capture imagery and collect some signals intelligence from US military sites, a source familiar with the matter tells CNN.",https://www.cnn.com/2023/04/03/politics/chinese-spy-balloon/index.html,CNN,Inconnu,General,2026-05-16T09:45:40.167232,,,2026-05-16T09:45:40.167232
39,Beijing promised to 'fight back' over Taiwan leader's US visit. But this time it has more to lose,An anticipated meeting between Taiwan's President Tsai Ing-wen and US House Speaker Kevin McCarthy in California this week has sparked concerns of a repeat of the pressure campaign China launched last year when then-Speaker Nancy Pelosi visited Taipei.,https://www.cnn.com/2023/04/04/asia/tsai-ing-wen-taiwan-mccarthy-meeting-analysis-intl-hnk/index.html,CNN,Inconnu,General,2026-05-16T09:45:40.167232,,,2026-05-16T09:45:40.167232
40,"'Scary, cold, hungry and lonely': Volunteer soldier shares experience on front line","A young volunteer soldier, Akula, who signed up for the war at the beginning of the Russian invasion is now dealing with the trauma of war. He spoke to CNN's David McKenzie about his time on the front lines and how it has affected his mental health.",https://www.cnn.com/videos/world/2023/04/03/soldiers-russia-ukraine-war-david-mckenzie-pkg-ovn-intl-ldn-vpx.cnn,CNN,Inconnu,General,2026-05-16T09:45:40.167232,,,2026-05-16T09:45:40.167232
41,The four astronauts NASA picked for the first crewed moon mission in 50 years,"Astronauts who will helm the first crewed moon mission in five decades were revealed on Monday, queuing up the quartet to begin training for the historic Artemis II lunar flyby that is set to take off in November 2024.",https://www.cnn.com/2023/04/03/world/artemis-2-astronaut-crew-scn/index.html,CNN,Inconnu,General,2026-05-16T09:45:40.167232,,,2026-05-16T09:45:40.167232
42,French minister under fire for Playboy magazine cover,French government minister Marlene Schiappa has come under fire from members of her own party after appearing on the front cover of Playboy magazine.,https://www.cnn.com/2023/04/02/europe/french-minister-playboy-cover-intl/index.html,CNN,Inconnu,General,2026-05-16T09:45:40.167232,,,2026-05-16T09:45:40.167232
43,Why did Finland's PM lose? Reporter explains the key issue voters cared about,Finland's left-wing Prime Minister Sanna Marin conceded defeat in the country's parliamentary election as the opposition right-wing National Coalition Party claimed victory in a tightly fought contest. CNN's Laila Harrak spoke with New York Times' Chief Diplomatic Correspondent Steven Erlanger to discuss how the popular politician lost the election.,https://www.cnn.com/videos/world/2023/04/03/finland-prime-minister-sanna-marin-concedes-election-right-wing-party-wins-ovn-intl-ldn-vpx.cnn,CNN,Inconnu,General,2026-05-16T09:45:40.167232,,,2026-05-16T09:45:40.167232
44,Britain's pound is beating every other major currency this year,"The British pound crashed to a record low last fall as investors rebelled against budget plans by former Prime Minister Liz Truss. Now, it's enjoying a comeback.",https://www.cnn.com/2023/04/04/investing/british-pound-currency-dollar/index.html,CNN,Inconnu,General,2026-05-16T09:45:40.167232,,,2026-05-16T09:45:40.167232
45,Finland's Prime Minister Sanna Marin concedes election,Finland's left-wing Prime Minister Sanna Marin conceded defeat on Sunday in the Nordic country's parliamentary election as the opposition right-wing National Coalition Party (NCP) claimed victory in a tightly fought contest.,https://www.cnn.com/2023/04/02/europe/sanna-marin-finland-elections-concedes-intl/index.html,CNN,Inconnu,General,2026-05-16T09:45:40.167232,,,2026-05-16T09:45:40.167232
46,Hundreds of millions at risk from Chinese shopping app malware,,https://cnn.it/40OSomK,CNN,Inconnu,General,2026-05-16T09:45:40.167232,,,2026-05-16T09:45:40.167232
47,The $500 billion beauty industry's 'green' ambitions are a patchwork at best. And they're falling short,"The escalating climate crisis is shifting many people's purchasing patterns and this extends to the $500 billion dollar global beauty industry which is grappling with a range of sustainability challenges across product manufacturing, packaging and disposal.",https://www.cnn.com/style/article/beauty-skincare-climate/index.html,CNN,Inconnu,General,2026-05-16T09:45:40.167232,,,2026-05-16T09:45:40.167232
48,A new approach to a Covid-19 nasal vaccine shows early promise,"Scientists in Germany say they've been able to make a nasal vaccine that can shut down a Covid-19 infection in the nose and throat, where the virus gets its first foothold in the body.",https://www.cnn.com/2023/04/03/health/nasal-vaccine-sterilizing-immunity/index.html,CNN,Inconnu,General,2026-05-16T09:45:40.167232,,,2026-05-16T09:45:40.167232
49,Video shows moment man throws yogurt on two women in Iran,"Video shows an incident at a store in the Iranian city of Shandiz where a man approached two unveiled women before proceeding to grab a tub of yogurt from the store and throw it, hitting both women in the head. The video then appears to show a male staff member removing the suspect from the store. CNN is not able to verify what was said immediately before the confrontation.",https://www.cnn.com/videos/world/2023/04/03/man-throws-yogurt-on-women-iran-president-raisi-hijab-is-law-nada-bashir-ovn-intl-ldn-vpx.cnn,CNN,Inconnu,General,2026-05-16T09:45:40.167232,,,2026-05-16T09:45:40.167232
50,"Israeli military veterans, a backbone of protest movement, vow to keep demonstrating","In a sea of Israeli flags, Yiftach Golov holds one that looks a little different.",https://www.cnn.com/2023/04/03/middleeast/israel-protests-military-veterans-intl-cmd/index.html,CNN,Inconnu,General,2026-05-16T09:45:40.167232,,,2026-05-16T09:45:40.167232
51,Erdogan's political fate may be determined by Turkey's Kurds,"Turkey's persecuted pro-Kurdish party has emerged as a kingmaker in the country's upcoming election, playing a decisive role that may just tip the balance enough to unseat two-decade ruler Recep Tayyip Erdogan.",https://www.cnn.com/2023/04/03/middleeast/kurdish-kingmaker-turkish-elections-mime-intl/index.html,CNN,Inconnu,General,2026-05-16T09:45:40.167232,,,2026-05-16T09:45:40.167232
52,Dogecoin jumps after Elon Musk replaces Twitter bird with Shiba Inu,"Twitter's traditional bird icon was booted and replaced with an image of a Shiba Inu, an apparent nod to dogecoin, the joke cryptocurrency that CEO Elon Musk is being sued over.",https://www.cnn.com/2023/04/03/investing/dogecoin-elon-musk-twitter/index.html,CNN,Inconnu,General,2026-05-16T09:45:40.167232,,,2026-05-16T09:45:40.167232
53,Micron Technology: China probes US chip maker for cybersecurity risks as tech tension escalates,"China has launched a cybersecurity probe into Micron Technology, one of America's largest memory chip makers, in apparent retaliation after US allies in Asia and Europe announced new restrictions on the sale of key technology to Beijing.",https://www.cnn.com/2023/04/03/tech/china-micron-probe-us-chip-war-intl-hnk/index.html,CNN,Inconnu,General,2026-05-16T09:45:40.167232,,,2026-05-16T09:45:40.167232
54,Man rides out tornado inside van. See the footage,"Cody Coombes recounts riding out a tornado in Little Rock, Arkansas, inside his pest control van. The National Weather Service reported that an EF-3 tornado had roared through Pulaski and Lonoke counties with estimated peak winds of 165 mph, killing one person in North Little Rock and four people in Wynne.",https://www.cnn.com/videos/weather/2023/04/02/little-rock-arkansas-tornado-man-inside-van-cnntmw-vpx.cnn,CNN,Inconnu,General,2026-05-16T09:45:40.167232,,,2026-05-16T09:45:40.167232
55,"China Renaissance suspends trading, delays results after founder's disappearance","China Renaissance, a top dealmaker in the country's tech industry, said it would suspend trading of its shares and delay the release of its annual results because it still can't get in touch with its founder.",https://www.cnn.com/2023/04/03/investing/china-renaissance-delays-results-missing-ceo-intl-hnk/index.html,CNN,Inconnu,General,2026-05-16T09:45:40.167232,,,2026-05-16T09:45:40.167232
56,HSBC's top execs face tense shareholders calling for a breakup,"HSBC's top brass defended their strategy Monday to frustrated shareholders in the lender's largest market, as Europe's biggest bank continued to face calls to be split up.",https://www.cnn.com/2023/04/03/business/hsbc-spin-off-hk-shareholder-meeting-intl-hnk/index.html,CNN,Inconnu,General,2026-05-16T09:45:40.167232,,,2026-05-16T09:45:40.167232
57,Lawmaker speaks out about his struggle with depression,Sen. John Fetterman (D-PA) spoke to CBS about battling with depression after winning a tight election.,https://www.cnn.com/videos/politics/2023/04/02/john-fetterman-depression-downward-spiral-acostanr-sot-vpx.cnn,CNN,Inconnu,General,2026-05-16T09:45:40.167232,,,2026-05-16T09:45:40.167232
58,CEOs are tired of being held responsible for gun regulation,"Americans have grown used to corporate executives treading the well-worn paths of the Northeast corridor to convene alongside elected officials in Washington, DC, and discuss geopolitics, policy and all that's in-between.",https://www.cnn.com/2023/04/03/investing/premarket-stocks-trading/index.html,CNN,Inconnu,General,2026-05-16T09:45:40.167232,,,2026-05-16T09:45:40.167232
59,What pet cemeteries reveal about being human,Why do we bury our departed loved ones in a cemetery? A primary purpose is to provide survivors with an opportunity to grieve and gain a sense of closure. The cemetery is a place for the living as much as it is a place for the dead.,https://www.cnn.com/2023/04/03/opinions/pet-cemeteries-burying-animals-history-tourigny/index.html,CNN,Inconnu,General,2026-05-16T09:45:40.167232,,,2026-05-16T09:45:40.167232
60,Scientists film deepest ever fish on seabed off Japan,"Cruising at a depth of 8,336 meters (over 27,000 feet) just above the seabed, a young snailfish has become the deepest fish ever filmed by scientists during a probe into the abyss of the northern Pacific Ocean.",https://www.cnn.com/2023/04/03/asia/deepest-fish-filmed-off-japan-scn-intl-hnk/index.html,CNN,Inconnu,General,2026-05-16T09:45:40.167232,,,2026-05-16T09:45:40.167232
61,What OPEC's surprise oil cut means for gas prices,OPEC and its allies' surprise move to slash oil production will soon be felt at US gas pumps.,https://www.cnn.com/2023/04/03/energy/gas-prices-opec/index.html,CNN,Inconnu,General,2026-05-16T09:45:40.167232,,,2026-05-16T09:45:40.167232
62,Palestinian taxi driver recounts surviving attack by right-wing protesters,A Palestinian taxi driver describes surviving a violent attack by a right-wing mob in Jerusalem earlier this week as Israel continues to see protests against Prime Minister Benjamin Netanyahu's judicial overhaul spread. CNN's Nic Robertson reports.,https://www.cnn.com/videos/world/2023/03/31/israel-protests-rise-taxi-driver-attacked-robertson-pkg-intl-vpx.cnn,CNN,Inconnu,General,2026-05-16T09:45:40.167232,,,2026-05-16T09:45:40.167232
63,Giving Marjorie Taylor Greene a platform isn't good for America,"Last year, GOP Rep. Marjorie Taylor Greene of Georgia spoke at a white nationalist event organized by Holocaust denier Nick Fuentes that caused Republican leaders to denounce her.",https://www.cnn.com/2023/04/03/opinions/60-minutes-marjorie-taylor-greene-interview-obeidallah/index.html,CNN,Inconnu,General,2026-05-16T09:45:40.167232,,,2026-05-16T09:45:40.167232
64,These are the animals people most want to see photographed,"Originally a term used by trophy hunters in Africa, the ""Big Five"" described the animals most challenging to shoot and kill: the lion, elephant, leopard, rhino, and buffalo. Nowadays, it is more loosely used to refer to some of Africa's largest and most iconic animals.",https://www.cnn.com/travel/article/new-big-5-wildlife-photography-book-c2e-scn-spc-intl/index.html,CNN,Inconnu,General,2026-05-16T09:45:40.167232,,,2026-05-16T09:45:40.167232
65,"Syrian refugee elected mayor of German town, years after fleeing war",A Syrian who arrived in Germany as a refugee in 2015 has won a mayoral election in the southwestern German state of Baden-Wurttemberg.,https://www.cnn.com/2023/04/04/europe/germany-mayor-syrian-refugee-intl/index.html,CNN,Inconnu,General,2026-05-16T09:45:40.167232,,,2026-05-16T09:45:40.167232
66,"Study finds slightly higher risk of autism diagnosis in areas with more lithium in drinking water, but experts say more research is needed","A new study found a moderately higher risk of autism spectrum disorder in children born to pregnant people exposed to tap water with higher levels of lithium, but experts caution that this association does not show a direct link between the two.",https://www.cnn.com/2023/04/03/health/autism-lithium-study/index.html,CNN,Inconnu,General,2026-05-16T09:45:40.167232,,,2026-05-16T09:45:40.167232
67,"Kwame Brathwaite, photographer of 'Black is Beautiful' movement, dies at 85","Kwame Brathwaite, the pioneering activist and photographer whose work helped define the aesthetics of the ""Black is Beautiful"" movement of the 1960s and beyond, died on April 1, aged 85.",https://www.cnn.com/style/article/kwame-brathwaite-obituary-tan/index.html,CNN,Inconnu,General,2026-05-16T09:45:40.167232,,,2026-05-16T09:45:40.173905
68,This boiled bag of offal is banned in the US. In Scotland it's a fine-dining treat,"Anthony Bourdain loved haggis. But even the late, great American chef, writer and television host recognized that Scotland's national dish, with its ""sinister sheep parts"" wrapped in a shroud of mystery and half-invented history, could be a hard sell.",https://www.cnn.com/travel/article/haggis-scotland-secrets/index.html,CNN,Inconnu,General,2026-05-16T09:45:40.173905,,,2026-05-16T09:45:40.173905
69,Musk's Twitter promised a purge of blue check marks. Instead he singled out the New York Times,"Some VIP Twitter users woke up on Saturday expecting to have lost their coveted blue verification check marks in a previously announced purge by Elon Musk. Instead, Twitter appeared to target a single account from a major publication Musk dislikes and changed the language on its site in a way that obscures why users are verified.",https://www.cnn.com/2023/04/03/tech/twitter-blue-checks/index.html,CNN,Inconnu,General,2026-05-16T09:45:40.174215,,,2026-05-16T09:45:40.174215
70,See the world's deepest fish,"Scientists captured the unknown snailfish species at a depth of more than 27,000 feet, as part of an expedition in trenches off Japan.",https://www.cnn.com/videos/travel/2023/04/03/snailfish-deepest-fish-on-camera-lon-orig-ao-cprog-scn.cnn,CNN,Inconnu,General,2026-05-16T09:45:40.174215,,,2026-05-16T09:45:40.174215
71,Emma Heming Willis shares family photos as daughter Mabel turns 11,"Bruce Willis' wife, Emma Heming Willis, has celebrated their elder daughter's birthday with a trip down memory lane.",https://www.cnn.com/2023/04/03/entertainment/emma-willis-mabel-birthday-photos-intl-scli/index.html,CNN,Inconnu,General,2026-05-16T09:45:40.174215,,,2026-05-16T09:45:40.174215
72,Some fans whistle as Lionel Messi's name is announced as Paris Saint-Germain's season hits new low,Paris Saint-Germain's miserable season went from bad to worse on Sunday as the team suffered a second straight home defeat with a 1-0 loss to Lyon.,https://www.cnn.com/2023/04/03/football/lionel-messi-psg-whistles-fans-spt-intl/index.html,CNN,Inconnu,General,2026-05-16T09:45:40.174215,,,2026-05-16T09:45:40.174215
73,Chelsea searches for new manager as Premier League breaks record for most sackings in a single season,"It was just six months ago that Graham Potter was deemed the man to usher in a fresh, exciting era at Chelsea.",https://www.cnn.com/2023/04/03/football/chelsea-graham-potter-manager-premier-league-spt-intl/index.html,CNN,Inconnu,General,2026-05-16T09:45:40.174215,,,2026-05-16T09:45:40.174215
74,See 'Star Wars' legend react to Acosta's Darth Vader impression,"Actor Mark Hamill joins CNN's Jim Acosta to discuss his thoughts about a potential spinoff series based around his legendary ""Star Wars"" character Luke Skywalker.",https://www.cnn.com/videos/media/2023/04/02/mark-hamill-star-wars-jim-acosta-skywalker-cprog-acostanr-vpx.cnn,CNN,Inconnu,General,2026-05-16T09:45:40.174215,,,2026-05-16T09:45:40.174215
75,Angel Reese defends gesture directed towards Caitlin Clark after LSU national title win; calls out double standard after being 'unapologetically' her,"LSU star Angel Reese defended the gesture she aimed at Iowa Hawkeyes' Caitlin Clark near the end of the Tigers' first NCAA women's basketball national championship victory on Sunday, saying ""I don't take disrespect lightly.""",https://www.cnn.com/2023/04/03/sport/angel-reese-gesture-caitlin-clark-lsu-iowa-spt-intl/index.html,CNN,Inconnu,General,2026-05-16T09:45:40.174215,,,2026-05-16T09:45:40.174215
76,Teenage swimmer breaks two world records in four days,Sixteen-year-old Summer McIntosh broke the world record for the 400m individual medley at the Canadian swimming trials on Saturday -- just days after breaking the world record for the 400m freestyle.,https://www.cnn.com/2023/04/03/sport/summer-mcintosh-world-record-canada-swimmer-spt-intl/index.html,CNN,Inconnu,General,2026-05-16T09:45:40.175266,,,2026-05-16T09:45:40.175266
77,The haunting Masters meltdown that changed Rory McIlroy's career,"Slumped on his club, head buried in his arm, Rory McIlroy looked on the verge of tears.",https://www.cnn.com/2023/04/03/golf/rory-mcilroy-masters-meltdown-2011-spt-spc-intl/index.html,CNN,Inconnu,General,2026-05-16T09:45:40.175266,,,2026-05-16T09:45:40.175266
78,A snowboarder got buried upside down in snow. See skier's quick reaction.,"Skier Francis Zuber sprang into action when he noticed a snowboarder had become trapped upside down in a tree well. Zuber, whose reaction has been applauded as a textbook example of what to do in such a situation, urged others to take up rescue courses.",https://www.cnn.com/videos/us/2023/03/31/snowboarder-rescue-mt-baker-washington-cprog-lon-orig-na.cnn,CNN,Inconnu,General,2026-05-16T09:45:40.175266,,,2026-05-16T09:45:40.175266
79,2023 March Madness: Will UConn or San Diego State triumph in the national championship game that 'means everything?',After a March Madness filled with twists and surprises -- all four No. 1 seeds failed to reach the Elite Eight for the first ever time in NCAA men's basketball tournament history -- it is time for the grand finale as UConn faces San Diego State on Monday for the title.,https://www.cnn.com/2023/04/03/sport/march-madness-championship-game-final-preview-spt-intl/index.html,CNN,Inconnu,General,2026-05-16T09:45:40.175266,,,2026-05-16T09:45:40.175266
80,Shania Twain calls for equal pay and more diversity in country music,Shania Twian is standing up for others in country music.,https://www.cnn.com/2023/04/03/entertainment/shania-twain-equal-diversity/index.html,CNN,Inconnu,General,2026-05-16T09:45:40.175266,,,2026-05-16T09:45:40.175266
81,LIVE: Chelsea vs Manchester City  FA Cup final,"Follow our live build-up, with full team news coverage, ahead of our text commentary stream.",https://www.aljazeera.com/sports/liveblog/2026/5/16/live-chelsea-vs-manchester-city-fa-cup-final?traffic_source=rss,Al Jazeera,Inconnu,Sport,2026-05-16T09:45:41.700783,,,2026-05-16T09:45:41.700783
82,"At least eight killed, 25 injured as train hits bus in Bangkok","A train crashed into a public bus near an airport rail link station Bangkok's city centre, Thai media report.",https://www.aljazeera.com/news/2026/5/16/at-least-eight-killed-25-injured-as-train-hits-bus-in-bangkok?traffic_source=rss,Al Jazeera,Inconnu,News,2026-05-16T09:45:41.700783,,,2026-05-16T09:45:41.700783
83,How Kansas City became unlikely 2026 World Cup hosts for the US,Kansas City overcame major odds to become one of 11 venues in the United States for the biggest World Cup ever.,https://www.aljazeera.com/sports/2026/5/16/how-kansas-city-became-unlikely-2026-world-cup-hosts-for-the-us?traffic_source=rss,Al Jazeera,Inconnu,Sport,2026-05-16T09:45:41.700783,,,2026-05-16T09:45:41.700783
84,Israeli strikes on southern Lebanon continue despite ceasefire extension,"Despite Lebanon and Israel extending the ceasefire deal for another 45 days, Israel continues to bomb Lebanon.",https://www.aljazeera.com/news/2026/5/16/israeli-strikes-on-southern-lebanon-continue-despite-ceasefire-extension?traffic_source=rss,Al Jazeera,Inconnu,News,2026-05-16T09:45:41.700783,,,2026-05-16T09:45:41.700783
85,Israeli settler blindfolds and detains Palestinian in occupied West Bank,An armed Israeli settler blindfolded and detained a Palestinian man in the occupied West Bank.,https://www.aljazeera.com/video/newsfeed/2026/5/16/israeli-settler-blindfolds-and-detains-palestinian-in-occupied-west-bank?traffic_source=rss,Al Jazeera,Inconnu,News,2026-05-16T09:45:41.700783,,,2026-05-16T09:45:41.700783
86,Britain is losing the ability to tell anti-Semitism from dissent,The collapse of that distinction protects no one  least of all the Jewish communities it claims to defend.,https://www.aljazeera.com/opinions/2026/5/16/britain-is-losing-the-ability-to-tell-anti-semitism-from-dissent?traffic_source=rss,Al Jazeera,Inconnu,Opinions,2026-05-16T09:45:41.700783,,,2026-05-16T09:45:41.700783
87,From the Nakba to Gazas ruins: One mans lifetime of displacement,Nakba survivor in Gaza recounts displacement after 1948 and 2023 and his unwavering attachment to his homeland.,https://www.aljazeera.com/features/2026/5/16/from-the-nakba-to-gazas-ruins-one-mans-lifetime-of-displacement?traffic_source=rss,Al Jazeera,Inconnu,News,2026-05-16T09:45:41.702807,,,2026-05-16T09:45:41.702807
88,Russias Putin to visit China following Trumps trip,"Putin and Chinese President Xi Jinping plan to 'further strengthen the comprehensive partnership', the Kremlin says.",https://www.aljazeera.com/news/2026/5/16/russias-putin-to-visit-china-following-trumps-trip?traffic_source=rss,Al Jazeera,Inconnu,News,2026-05-16T09:45:41.702807,,,2026-05-16T09:45:41.702807
89,"Iran war day 78: Trump, Tehran signal talks as Lebanon truce extended",Iran says Trump signalled openness to talks as deadlock remains over Tehrans nuclear programme.,https://www.aljazeera.com/news/2026/5/16/iran-war-day-78-trump-tehran-signal-talks-as-lebanon-truce-extended?traffic_source=rss,Al Jazeera,Inconnu,News,2026-05-16T09:45:41.702807,,,2026-05-16T09:45:41.702807
90,Gunmen kidnap dozens of students in Nigerias Borno State,"No group claimed responsibility for the raid, which bore the hallmark of the Boko Haram group.",https://www.aljazeera.com/news/2026/5/16/gunmen-kidnap-dozens-of-students-in-nigerias-borno-state?traffic_source=rss,Al Jazeera,Inconnu,News,2026-05-16T09:45:41.702807,,,2026-05-16T09:45:41.702807
91,Spain PM defends Eurovision boycott over Israel,Spanish PM Pedro Sanchez has defended Spains boycott of the Eurovision Song Contest over Israels participation.,https://www.aljazeera.com/video/newsfeed/2026/5/16/spain-pm-defends-eurovision-boycott-over-israel?traffic_source=rss,Al Jazeera,Inconnu,News,2026-05-16T09:45:41.702807,,,2026-05-16T09:45:41.702807
92,Man killed in great white shark attack in western Australia,"The 38-year-old was bitten at a popular diving and fishing spot near the city of Perth, police say.",https://www.aljazeera.com/news/2026/5/16/man-killed-in-great-white-shark-attack-in-western-australia?traffic_source=rss,Al Jazeera,Inconnu,News,2026-05-16T09:45:41.702807,,,2026-05-16T09:45:41.702807
93,Aston Villa trounce Liverpool 4-2 to seal Champions League place,Liverpool's woes deepen as Ollie Watkins scores a brace to help his side to a dominant win at Villa Park.,https://www.aljazeera.com/sports/2026/5/16/aston-villa-thrash-liverpool-4-2-to-seal-champions-league-place?traffic_source=rss,Al Jazeera,Inconnu,Sport,2026-05-16T09:45:41.702807,,,2026-05-16T09:45:41.702807
94,Where did Eurovision go wrong?,"Eurovision has long claimed to be apolitical. This year, that claim may be its most contested performance yet.",https://www.aljazeera.com/features/longform/2026/5/16/where-did-eurovision-go-wrong?traffic_source=rss,Al Jazeera,Inconnu,News,2026-05-16T09:45:41.704568,,,2026-05-16T09:45:41.704568
95,US charges alleged Iran-backed Kataib Hezbollah suspect  What we know,The US Justice Department has arrested and charged an Iraqi national and senior commander of an Iran-backed armed group,https://www.aljazeera.com/news/2026/5/16/us-charges-alleged-iran-backed-%e2%81%a0kataib-hezbollah-suspect-what-we-know?traffic_source=rss,Al Jazeera,Inconnu,News,2026-05-16T09:45:41.704568,,,2026-05-16T09:45:41.704568
96,Trump says ISIL second-in-command Abu-Bilal al-Minuki killed,"US and Nigerian forces carry out a joint operation against the commander, who was deemed a 'global terrorist' in 2023.",https://www.aljazeera.com/news/2026/5/16/trump-says-isil-second-in-command-abu-bilal-al-minuki-killed?traffic_source=rss,Al Jazeera,Inconnu,News,2026-05-16T09:45:41.704568,,,2026-05-16T09:45:41.704568
97,"Wembanyamas Spurs reach Western finals, Pistons stay alive in NBA playoffs","San Antonio beat Timberwolves to book Western Conference Finals spot, while Detroit down Cleveland to level series.",https://www.aljazeera.com/sports/2026/5/16/wembanyamas-spurs-reach-western-finals-pistons-stay-alive-in-nba-playoffs?traffic_source=rss,Al Jazeera,Inconnu,Sport,2026-05-16T09:45:41.704568,,,2026-05-16T09:45:41.704568
98,Outbreak of rare strain of Ebola claims at least 65 lives in DR Congo,Sixty-five people have died in a new Ebola outbreak in DR Congo's Ituri province with 246 suspected cases.,https://www.aljazeera.com/video/newsfeed/2026/5/16/outbreak-of-rare-strain-of-ebola-claims-at-least-65-lives-in-dr-congo?traffic_source=rss,Al Jazeera,Inconnu,Show Types,2026-05-16T09:45:41.704568,,,2026-05-16T09:45:41.704568
99,Israel launches deadly air strikes on Gaza City apartment building,At least seven Palestinians were killed when Israeli air strikes hit a residential building and a vehicle in Gaza City.,https://www.aljazeera.com/video/newsfeed/2026/5/16/israel-launches-deadly-air-strikes-on-gaza-city-apartment-building?traffic_source=rss,Al Jazeera,Inconnu,Show Types,2026-05-16T09:45:41.704568,,,2026-05-16T09:45:41.704568
100,UK artist defends Drawings Against Genocide after show cancelled,UK artist Matthew Collings says his exhibition Drawings Against Genocide has been falsely depicted as anti-Semitic.,https://www.aljazeera.com/video/newsfeed/2026/5/16/uk-artist-defends-drawings-against-genocide-after-show-cancelled?traffic_source=rss,Al Jazeera,Inconnu,Show Types,2026-05-16T09:45:41.704568,,,2026-05-16T09:45:41.704568
101,Gaza aid convoy in Libya prepares to head to Gaza,"The ""Soumoud 2"" land convoy is preparing to leave Libya to bring aid to Gaza.",https://www.aljazeera.com/video/newsfeed/2026/5/16/gaza-aid-convoy-in-libya-prepares-to-head-to-gaza?traffic_source=rss,Al Jazeera,Inconnu,Show Types,2026-05-16T09:45:41.706587,,,2026-05-16T09:45:41.706587
102,Iran war live: Tehran warns more economic woes for US over war of choice,"Iranian FM's warning comes as Israel continues to attack Lebanon, hours after agreeing to a 45-day ceasefire extension.",https://www.aljazeera.com/news/liveblog/2026/5/16/iran-war-live-lebanon-israel-extend-truce-tehran-ready-for-more-us-talks?traffic_source=rss,Al Jazeera,Inconnu,News,2026-05-16T09:45:41.706587,,,2026-05-16T09:45:41.706587
103,Activists hang Palestinian flag on the Eiffel Tower for Nakba Day,Members of Extinction Rebellion scaled the Eiffel Tower to hang a Palestinian flag for Nakba day.,https://www.aljazeera.com/video/newsfeed/2026/5/15/activists-hang-palestinian-flag-on-the-eiffel-tower-for-nakba-day?traffic_source=rss,Al Jazeera,Inconnu,Show Types,2026-05-16T09:45:41.706587,,,2026-05-16T09:45:41.706587
104,Mahmoud Khalil calls for deportation to be halted in light of new evidence,Lawyers say new evidence suggests Trump admin 'engineered' outcome of case against pro-Palestine Columbia student.,https://www.aljazeera.com/news/2026/5/15/mahmoud-khalil-calls-for-deportation-to-be-halted-in-light-of-new-evidence?traffic_source=rss,Al Jazeera,Inconnu,News,2026-05-16T09:45:41.706587,,,2026-05-16T09:45:41.706587
105,What are World Cup 2026 national team base camps and their locations?,"Training and accommodation locations for Argentina, Portugal, Spain, Brazil, England, Iran and other World Cup teams.",https://www.aljazeera.com/sports/2026/5/15/world-cup-2026-base-camps-argentina-portugal-brazil-england-spain-where-will-they-stay?traffic_source=rss,Al Jazeera,Inconnu,Sport,2026-05-16T09:45:41.706587,,,2026-05-16T09:45:41.706587
106,US: New York's Long Island railway workers go on strike,"Nearly 300,000 passengers rely on the LIRR daily to travel between New York City, its boroughs and suburban Long Island.",https://www.dw.com/en/us-new-york-s-long-island-railway-workers-go-on-strike/a-77178863?maca=en-rss-en-all-1573-rdf,DW,Inconnu,News,2026-05-16T09:45:43.910490,,,2026-05-16T09:45:43.910490
107,Taiwan urges Trump to advance arms deal after China summit,"Taiwan reminded the US of its commitment to provide it with arms after the US president warned the democratic, self-governing island against formally declaring independence in the wake of his summit with China's Xi.",https://www.dw.com/en/taiwan-urges-trump-to-advance-arms-deal-after-china-summit/a-77178649?maca=en-rss-en-all-1573-rdf,DW,Inconnu,News,2026-05-16T09:45:43.910490,,,2026-05-16T09:45:43.910490
108,"China, US, Israel compete in fast-growing laser weapons race",More Gulf states are turning to laser weapons to combat drones in the Iran war. Israel even loaned the UAE theirs. But do they actually work?,https://www.dw.com/en/china-us-israel-compete-in-fast-growing-laser-weapons-race/a-77174766?maca=en-rss-en-all-1573-rdf,DW,Inconnu,World,2026-05-16T09:45:43.910490,,,2026-05-16T09:45:43.910490
109,Germany news: Nearly half the country wants governing conservative coalition out,"A survey has shown that just 30% of people in Germany want the coalition government to continue. Meanwhile, pro-Palestinian demonstrators are to hold a march in Berlin to mark Nakba Day. DW has more.",https://www.dw.com/en/germany-news-nearly-half-the-country-wants-governing-conservative-coalition-out/live-77178633?maca=en-rss-en-all-1573-rdf,DW,Inconnu,News,2026-05-16T09:45:43.910490,,,2026-05-16T09:45:43.910490
110,Andreas Rettig: 'You can't separate sports and politics',"The World Cup in the USA, Canada and Mexico is sparking discussions beyond the realm of football. DFB Director Andreas Rettig discusses the Germany team and the geopolitical situation in an interview with DW.",https://www.dw.com/en/andreas-rettig-you-can-t-separate-sports-and-politics/a-77171724?maca=en-rss-en-all-1573-rdf,DW,Inconnu,Sports,2026-05-16T09:45:43.910490,,,2026-05-16T09:45:43.910490
111,Australia: Man dies after shark attack off holiday island,A 38-year-old man has died after being bitten by a shark in waters off Rottnest Island in Western Australia. It is the second shark death in the country this year amid a rise in attacks.,https://www.dw.com/en/australia-man-dies-after-shark-attack-off-holiday-island/a-77178365?maca=en-rss-en-all-1573-rdf,DW,Inconnu,News,2026-05-16T09:45:43.910490,,,2026-05-16T09:45:43.910490
112,India news: PM Modi visits the Netherlands at start of Europe tour,"Modi is looking to deepen India's trade agreements with its European partners and diversify beyond China-centric supply chains. Meanwhile, Indian farmers are once again clashing with the police. Follow DW.",https://www.dw.com/en/india-news-pm-modi-visits-the-netherlands-at-start-of-europe-tour/live-77178271?maca=en-rss-en-all-1573-rdf,DW,Inconnu,News,2026-05-16T09:45:43.910490,,,2026-05-16T09:45:43.910490
113,Trump says IS second in command killed in Nigeria,"US President Donald Trump said Abu-Bilal al-Minuki, a high-ranking member of the ""Islamic State,"" was killed in a joint mission between US and Nigerian forces.",https://www.dw.com/en/trump-says-is-second-in-command-killed-in-nigeria/a-77178187?maca=en-rss-en-all-1573-rdf,DW,Inconnu,News,2026-05-16T09:45:43.910490,,,2026-05-16T09:45:43.910490
114,US stops Poland troop deployment after Germany pullout order,"Both Democratic and Republican lawmakers in the US have criticized the Trump administration's plans to cancel a troop deployment to Poland. It came after Trump ordered the pullout of 5,000 troops from Germany.",https://www.dw.com/en/us-stops-poland-troop-deployment-after-germany-pullout-order/a-77177920?maca=en-rss-en-all-1573-rdf,DW,Inconnu,News,2026-05-16T09:45:43.910490,,,2026-05-16T09:45:43.910490
115,"Middle East: Israel, Lebanon agree to extend truce, US says","The US says Israeli and Lebanese delegations have agreed to extend a ceasefire for 45 days. The truce has reduced the volume of fighting, but violations are commonplace, particularly in southern Lebanon.",https://www.dw.com/en/middle-east-israel-lebanon-agree-to-extend-truce-us-says/live-77167235?maca=en-rss-en-all-1573-rdf,DW,Inconnu,News,2026-05-16T09:45:43.910490,,,2026-05-16T09:45:43.910490
116,Germany news: Chancellor Merz says he wouldn't advise his kids to go to the US,"Chancellor Friedrich Merz said he wouldn't currently advise young Germans like his children to move to the US to study or work. He cited ""the social climate that has suddenly developed.""",https://www.dw.com/en/germany-news-chancellor-merz-says-he-wouldn-t-advise-his-kids-to-go-to-the-us/live-77168830?maca=en-rss-en-all-1573-rdf,DW,Inconnu,Germany,2026-05-16T09:45:43.910490,,,2026-05-16T09:45:43.910490
117,Islamic feminism more widespread in Bosnia and Herzegovina,Many Bosnian Muslim women want to attend mosque on Fridays and to play a greater role in decision-making. Slowly the official structures of the Islamic Community are changing.,https://www.dw.com/en/islamic-feminism-more-widespread-in-bosnia-and-herzegovina/a-77163017?maca=en-rss-en-all-1573-rdf,DW,Inconnu,World,2026-05-16T09:45:43.910490,,,2026-05-16T09:45:43.910490
118,Ukraine: Dozens of European countries sign up to special tribunal plan to prosecute Russia,"At talks in Moldova, more than 30 countries have said they will join a future special tribunal for Ukraine prosecuting Russia over its invasion. How the body will force Russians to stand trial is not clear.",https://www.dw.com/en/ukraine-dozens-of-european-countries-sign-up-to-special-tribunal-plan-to-prosecute-russia/a-77174512?maca=en-rss-en-all-1573-rdf,DW,Inconnu,News,2026-05-16T09:45:43.910490,,,2026-05-16T09:45:43.910490
119,Pakistan faces pressure over mediator role in Iran war,"With Pakistan stepping in the middle of a major geopolitical conflict, Islamabad is forced to balance between Washington, Tehran, Beijing and key Gulf allies. A recent US media report places it under even more scrutiny.",https://www.dw.com/en/pakistan-faces-pressure-over-mediator-role-in-iran-war/a-77174786?maca=en-rss-en-all-1573-rdf,DW,Inconnu,World,2026-05-16T09:45:43.910490,,,2026-05-16T09:45:43.910490
120,UK politics: How Starmer survives as Farage waits in wings,"High profile resignations, a prime minister on the edge and populists on the up  UK politics is far from dull. DW explains what's going on in Keir Starmer's Labour party and with Nigel Farage. And what may be next.",https://www.dw.com/en/uk-politics-how-starmer-survives-as-farage-waits-in-wings/a-77170215?maca=en-rss-en-all-1573-rdf,DW,Inconnu,World,2026-05-16T09:45:43.910490,,,2026-05-16T09:45:43.910490
121,"US-China summit exposes Trump's limits on Iran war, Taiwan","Donald Trump hopes to have China help him end the war in Iran, but this goal seemed far from guaranteed as he wrapped up his two-day visit to Beijing. Xi Jinping, in turn, took the chance to warn the US over Taiwan.",https://www.dw.com/en/us-china-summit-exposes-trump-s-limits-on-iran-war-taiwan/a-77171942?maca=en-rss-en-all-1573-rdf,DW,Inconnu,World,2026-05-16T09:45:43.910490,,,2026-05-16T09:45:43.910490
122,Uganda at a crossroads as Museveni begins new term,"Unemployment and poverty pose major challenges for President Museveni's seventh term, while his age and long rule prompt questions about Uganda's future beyond his leadership.",https://www.dw.com/en/uganda-at-a-crossroads-as-museveni-begins-new-term/a-77152718?maca=en-rss-en-all-1573-rdf,DW,Inconnu,World,2026-05-16T09:45:43.910490,,,2026-05-16T09:45:43.910490
123,Israeli-Palestinian conflict: Allegations of sexual abuse,The issue of systemic sexual abuses as part of the Israeli-Palestinian conflict is back in the spotlight following new testimonies. Both Israel and Hamas deny the claims.,https://www.dw.com/en/israeli-palestinian-conflict-allegations-of-sexual-abuse/a-77132994?maca=en-rss-en-all-1573-rdf,DW,Inconnu,TOP STORIES,2026-05-16T09:45:43.910490,,,2026-05-16T09:45:43.910490
124,Iconic German musician Udo Lindenberg turns 80,"From a historic East German concert to a hit with rapper Apache 207, Udo Lindenberg has shaped German rock music like few others. Even at 80, the ""Panikrocker"" is still reinventing himself.",https://www.dw.com/en/iconic-german-musician-udo-lindenberg-turns-80/a-77149458?maca=en-rss-en-all-1573-rdf,DW,Inconnu,Culture,2026-05-16T09:45:43.910490,,,2026-05-16T09:45:43.910490
125,Asteroid 2026 JH2  no need to worry about it hitting Earth,"This big asteroid was discovered less than a fortnight before its flyby Earth. But any time you see a headline about asteroids flying by the planet, you can relax. Big and small asteroids fly by Earth all the time.",https://www.dw.com/en/asteroid-2026-jh2-no-need-to-worry-about-it-hitting-earth/a-70375872?maca=en-rss-en-all-1573-rdf,DW,Inconnu,Science,2026-05-16T09:45:43.919013,,,2026-05-16T09:45:43.919013
126,'FIFA got greedy'  Why football fans in India may not be able to watch World Cup games on TV this year,"The 2026 World Cup is weeks away, but one of the most populated countries in the world doesn't have a broadcasting deal. Why?",https://www.dw.com/en/fifa-got-greedy-―-why-football-fans-in-india-may-not-be-able-to-watch-world-cup-games-on-tv-this-year/a-77131796?maca=en-rss-en-all-1573-rdf,DW,Inconnu,Sports,2026-05-16T09:45:43.919013,,,2026-05-16T09:45:43.919013
127,Foreign student fee hikes in France trigger backlash,"A French government plan to charge students from outside the European Union 16 times more than previously has stoked discontent. But how does this compare to the rest of Europe, both inside the EU and out?",https://www.dw.com/en/foreign-student-fee-hikes-in-france-trigger-backlash/a-77146306?maca=en-rss-en-all-1573-rdf,DW,Inconnu,World,2026-05-16T09:45:43.919843,,,2026-05-16T09:45:43.919843
128,Will Ukraine corruption scandal reach Volodymyr Zelenskyy?,"A drawn-out corruption affair in Ukraine has widened, with authorities now taking action against Andriy Yermak, former head of the presidential office. Will the scandal reach all the way to President Volodymyr Zelenskyy?",https://www.dw.com/en/will-ukraine-corruption-scandal-reach-volodymyr-zelenskyy/a-77161926?maca=en-rss-en-all-1573-rdf,DW,Inconnu,World,2026-05-16T09:45:43.919843,,,2026-05-16T09:45:43.919843
129,"UK: Health Secretary Wes Streeting resigns, likely in bid to topple PM Keir Starmer","Two Labour Party politicians have positioned themselves to challenge Prime Minister Keir Starmer for the leadership. Health Secretary Wes Streeting resigned, and Angela Rayner said her tax affairs were back in order.",https://www.dw.com/en/uk-health-secretary-wes-streeting-resigns-likely-in-bid-to-topple-pm-keir-starmer/a-77161937?maca=en-rss-en-all-1573-rdf,DW,Inconnu,News,2026-05-16T09:45:43.919843,,,2026-05-16T09:45:43.919843
130,Lab-grown Tyrannosaurus leather: More chicken than dinosaur?,"A handbag is as the ""world's first T. rex leather product."" But scientists are questioning its authenticity.",https://www.dw.com/en/lab-grown-tyrannosaurus-leather-more-chicken-than-dinosaur/a-77118050?maca=en-rss-en-all-1573-rdf,DW,Inconnu,Culture,2026-05-16T09:45:43.919843,,,2026-05-16T09:45:43.919843
131,German intelligence offices snub US-based Palantir software,"Germany's domestic intelligence agency has reportedly chosen a data analysis system from France, instead of US-based Palantir. Civil society has welcomed the move, but says more must be done.",https://www.dw.com/en/german-intelligence-offices-snub-us-based-palantir-software/a-77160897?maca=en-rss-en-all-1573-rdf,DW,Inconnu,Germany,2026-05-16T09:45:43.919843,,,2026-05-16T09:45:43.919843
132,"Who is Mario Draghi, this year's Charlemagne Prize winner?","The Charlemagne Prize honors those who advance European unity. This year's winner is Italy's Mario Draghi, a former European Central Bank chief and a key architect of European stability during a time of economic crisis.",https://www.dw.com/en/who-is-mario-draghi-this-year-s-charlemagne-prize-winner/a-77115925?maca=en-rss-en-all-1573-rdf,DW,Inconnu,World,2026-05-16T09:45:43.919843,,,2026-05-16T09:45:43.919843
133,Latvia: Prime Minister Evika Silina resigns over handling of drone incidents after coalition ally's withdrawal,"Evika Silina says she is resigning her post, following the defense minister's resignation and the coalition government's collapse amid controversy over Ukrainian drones aimed at Russia that landed in the Baltic country.",https://www.dw.com/en/latvia-prime-minister-evika-silina-resigns-over-handling-of-drone-incidents-after-coalition-ally-s-withdrawal/a-77159518?maca=en-rss-en-all-1573-rdf,DW,Inconnu,News,2026-05-16T09:45:43.919843,,,2026-05-16T09:45:43.919843
134,"Honda reports first loss since 1957 as it waters down EV strategy, but shares rise on 2026 forecasts","The Japanese carmaker pursued an aggressive switch towards electric vehicles that it's now trying to walk back. Despite posting its first loss since 1957, its share price spiked on more buoyant predictions for 2026.",https://www.dw.com/en/honda-reports-first-loss-since-1957-as-it-waters-down-ev-strategy-but-shares-rise-on-2026-forecasts/a-77158590?maca=en-rss-en-all-1573-rdf,DW,Inconnu,News,2026-05-16T09:45:43.919843,,,2026-05-16T09:45:43.919843
135,"China goes electric, but can it get off coal?",The world's clean energy superpower also emits the most CO2. But coal-fired power may have peaked as China electrifies its economy with ever more renewables.,https://www.dw.com/en/china-goes-electric-but-can-it-get-off-coal/a-77147566?maca=en-rss-en-all-1573-rdf,DW,Inconnu,Environment,2026-05-16T09:45:43.919843,,,2026-05-16T09:45:43.919843
136,'Regime change': Hungary's Magyar exposes Orban's decadence,Prime Minister Peter Magyar has taken power and laid bare his predecessor's luxurious lifestyle. Many Hungarians are keen to see Magyar chart a new political course.,https://www.dw.com/en/regime-change-hungary-s-magyar-exposes-orban-s-decadence/a-77153692?maca=en-rss-en-all-1573-rdf,DW,Inconnu,World,2026-05-16T09:45:43.919843,,,2026-05-16T09:45:43.919843
137,US drops bond requirement for FIFA World Cup ticket holders,Fans from five African World Cup qualifying nations with valid tickets are exempt from paying a hefty bond. But fans from several other countries still face major hurdles to seeing their teams play in the United States.,https://www.dw.com/en/us-drops-bond-requirement-for-fifa-world-cup-ticket-holders/a-77155757?maca=en-rss-en-all-1573-rdf,DW,Inconnu,News,2026-05-16T09:45:43.919843,,,2026-05-16T09:45:43.919843
138,Germany's shortfall in medium-range defense capabilities,The US has announced that it will not be deploying Tomahawk cruise missiles in Germany. Now the German government is looking for alternatives. Could drones be part of the solution?,https://www.dw.com/en/germany-s-shortfall-in-medium-range-defense-capabilities/a-77151793?maca=en-rss-en-all-1573-rdf,DW,Inconnu,Germany,2026-05-16T09:45:43.923705,,,2026-05-16T09:45:43.923705
139,Fake TikTok fans and pop music's 'unethical' marketing,"Do indie darlings like Sombr and Geese owe their success to TikTok ""trend simulations""? The question has sent shockwaves through their fan base. Yet manipulated charts are as old as the music business itself.",https://www.dw.com/en/fake-tiktok-fans-and-pop-music-s-unethical-marketing/a-77091563?maca=en-rss-en-all-1573-rdf,DW,Inconnu,Culture,2026-05-16T09:45:43.923705,,,2026-05-16T09:45:43.923705
140,Ceasefire in sight? What's next for Russia's war in Ukraine,"Four years since Russia's full-scale invasion of Ukraine, is the end finally in sight? DW spoke to US political experts about why they think US home elections could bring about a ceasefire.",https://www.dw.com/en/ceasefire-in-sight-what-s-next-for-russia-s-war-in-ukraine/a-77138367?maca=en-rss-en-all-1573-rdf,DW,Inconnu,World,2026-05-16T09:45:43.923705,,,2026-05-16T09:45:43.923705
141,Chinas new rules give the West a new headache,"Beijing now has strong new powers to punish firms for pulling manufacturing out of China. Multinationals are increasingly caught in a web of coercion and complex rules as they try to operate across the US, EU and China.",https://www.dw.com/en/china-s-new-rules-give-the-west-a-new-headache/a-77075741?maca=en-rss-en-all-1573-rdf,DW,Inconnu,Business,2026-05-16T09:45:43.923705,,,2026-05-16T09:45:43.923705
142,Satellites add a new layer to global poverty data,A new study using satellite data finds that 58% of the global population has been assigned to the wrong tier in the UN's Human Development Index. That can have real-world consequences for how aid reaches people.,https://www.dw.com/en/satellites-add-a-new-layer-to-global-poverty-data/a-77130563?maca=en-rss-en-all-1573-rdf,DW,Inconnu,Science,2026-05-16T09:45:43.923705,,,2026-05-16T09:45:43.923705
143,Why men are less worried than women about climate change,From petro-masculinity to electric trucks: why men disengage from climate action and what might bring them back.,https://www.dw.com/en/why-men-are-less-worried-than-women-about-climate-change/a-76779473?maca=en-rss-en-all-1573-rdf,DW,Inconnu,Environment,2026-05-16T09:45:43.923705,,,2026-05-16T09:45:43.923705
144,EU invites Taliban members to discuss Afghan migrant returns,"The European Commission has invited officials from Afghanistan's Taliban to discuss the returns of certain migrants. It's controversial on humanitarian grounds, and because Brussels doesn't recognize Taliban authority.",https://www.dw.com/en/eu-invites-taliban-members-to-discuss-afghan-migrant-returns/a-77134268?maca=en-rss-en-all-1573-rdf,DW,Inconnu,News,2026-05-16T09:45:43.923705,,,2026-05-16T09:45:43.923705
145,Hotter 2026 and El Nino could trigger extreme fires,"More than 150 million hectares  over twice the size of Texas  burned globally in the first months of 2026. With a high chance of a supercharged El Nino, the second half of the year could be even worse.",https://www.dw.com/en/hotter-2026-and-el-nino-could-trigger-extreme-fires/a-77137100?maca=en-rss-en-all-1573-rdf,DW,Inconnu,Environment,2026-05-16T09:45:43.923705,,,2026-05-16T09:45:43.923705
146,Bundesliga: Kathleen Kruger appointed Hamburg's head of sport,Hamburg have appointed Kathleen Kruger as the club's new board member responsible for sport. She becomes the first woman to fill such a role at a Bundesliga club on a permanent basis.,https://www.dw.com/en/bundesliga-kathleen-krüger-appointed-hamburg-s-head-of-sport/a-77135968?maca=en-rss-en-all-1573-rdf,DW,Inconnu,Sports,2026-05-16T09:45:43.923705,,,2026-05-16T09:45:43.923705
147,Sport helping displaced Lebanese living in stadium to cope,"More than a million people have been forced to flee their homes in southern Lebanon due to fighting between Israeli forces and Hezbollah. As many shelter in Beirut stadiums, sport is sometimes a welcome distraction.",https://www.dw.com/en/sport-helping-displaced-lebanese-living-in-stadium-to-cope/a-77080170?maca=en-rss-en-all-1573-rdf,DW,Inconnu,Sports,2026-05-16T09:45:43.927402,,,2026-05-16T09:45:43.927402
148,"UK: Keir Starmer tells Cabinet he will continue in place, as four junior ministers quit","British Prime Minister Keir Starmer has met with his Cabinet amid continued pressure after election losses. A set piece speech yesterday failed to calm the waters, and four junior ministers resigned on Tuesday.",https://www.dw.com/en/uk-keir-starmer-tells-cabinet-he-will-continue-in-place-as-four-junior-ministers-quit/a-77129695?maca=en-rss-en-all-1573-rdf,DW,Inconnu,News,2026-05-16T09:45:43.928215,,,2026-05-16T09:45:43.928215
149,Hijab-wearing German beauty contestant takes on the AfD,"As a Miss Germany contestant, Busra Sayed wore a hijab on stage. This had never happened before  and the far-right AfD didn't like it. Her response went viral.",https://www.dw.com/en/hijab-wearing-german-beauty-contestant-takes-on-the-afd/a-77114886?maca=en-rss-en-all-1573-rdf,DW,Inconnu,Germany,2026-05-16T09:45:43.928215,,,2026-05-16T09:45:43.928215
150,What now for the role of high representative in Bosnia?,Christian Schmidt's departure as high representative in Bosnia and Herzegovina doesn't look like a routine diplomatic handover. It seems to indicate that international powers want something different from the role.,https://www.dw.com/en/what-now-for-the-role-of-high-representative-in-bosnia/a-77128190?maca=en-rss-en-all-1573-rdf,DW,Inconnu,World,2026-05-16T09:45:43.928215,,,2026-05-16T09:45:43.928215
151,EU negotiators agree new rules on vital medicines,"A new agreement aims to tackle the drug shortages that have plagued the bloc. Among other things, it would make it easier to use public funds to support the production of essential medicines.",https://www.dw.com/en/eu-negotiators-agree-new-rules-on-vital-medicines/a-77126715?maca=en-rss-en-all-1573-rdf,DW,Inconnu,News,2026-05-16T09:45:43.928215,,,2026-05-16T09:45:43.928215
152,"Ukrainian children held in Russia: militarized, 'reeducated'","A Ukrainian initiative to repatriate abducted Ukrainian children reports that at least 20,000 girls and boys are being held by Russian families and authorities. Can these children ever find their way home?",https://www.dw.com/en/ukrainian-children-held-in-russia-militarized-reeducated/a-77124356?maca=en-rss-en-all-1573-rdf,DW,Inconnu,World,2026-05-16T09:45:43.928215,,,2026-05-16T09:45:43.928215
153,Hantavirus: How is the outbreak being contained?,"Passengers evacuated from the MV Hondius cruise ship are returning to their home countries, some with symptoms, many without. What happens to these people and what is being done to contain the spread?",https://www.dw.com/en/hantavirus-how-is-the-outbreak-being-contained/a-77122959?maca=en-rss-en-all-1573-rdf,DW,Inconnu,Science,2026-05-16T09:45:43.928215,,,2026-05-16T09:45:43.928215
154,Architecture of remembrance and hope: Daniel Libeskind at 80,"Famous for designing the Jewish Museum Berlin and the Ground Zero project in New York, the architect has created dozens of memorable buildings worldwide.",https://www.dw.com/en/architecture-of-remembrance-and-hope-daniel-libeskind-at-80/a-19251296?maca=en-rss-en-all-1573-rdf,DW,Inconnu,Culture,2026-05-16T09:45:43.928215,,,2026-05-16T09:45:43.928215
155,Hantavirus: How it differs from COVID,"In 2018-2019, the Andes virus hantavirus spread person-to-person in Argentina. Eleven people died  but it was stopped. Analysis of that outbreak shows the current one can also be stopped.",https://www.dw.com/en/hantavirus-how-it-differs-from-covid/a-77122374?maca=en-rss-en-all-1573-rdf,DW,Inconnu,Science,2026-05-16T09:45:43.928215,,,2026-05-16T09:45:43.928215
156,Germany news: 1-in-6 retailers fear for future,"About one-in-12 German businesses worry about survival, with twice as many retailers jittery. Meanwhile in Stuttgart, five pro-Palestinian activists face trial over attacking an Israeli defense company site. Follow DW.",https://www.dw.com/en/germany-news-1-in-6-retailers-fear-for-future/live-77114178?maca=en-rss-en-all-1573-rdf,DW,Inconnu,News,2026-05-16T09:45:43.928215,,,2026-05-16T09:45:43.928215
157,Ukraine: EU sanctions Russians over 'systematic unlawful deportation' of children,"The EU is sanctioning 16 individuals and seven entities over alleged child abductions. The UK also issued fresh sanctions, and Germany's defense minister visited Kyiv amid a shaky ceasefire. DW has the latest.",https://www.dw.com/en/ukraine-eu-sanctions-russians-over-systematic-unlawful-deportation-of-children/live-77121806?maca=en-rss-en-all-1573-rdf,DW,Inconnu,News,2026-05-16T09:45:43.928215,,,2026-05-16T09:45:43.928215
158,UK Prime Minister Keir Starmer 'not walking away' after local election mauling,"Keir Starmer has said he takes ""responsibility"" for Labour's poor election performance, but also for putting matters right again. ""I know I have my doubters and I know I need to prove them wrong, and I will,"" he said.",https://www.dw.com/en/uk-prime-minister-keir-starmer-not-walking-away-after-local-election-mauling/a-77116149?maca=en-rss-en-all-1573-rdf,DW,Inconnu,News,2026-05-16T09:45:43.928215,,,2026-05-16T09:45:43.928215
159,"Endemic, epidemic, pandemic: What's the difference?","The Andes hantavirus outbreak shows how easily disease labels are misunderstood  and why they describe patterns of spread, not how dangerous a virus is.",https://www.dw.com/en/endemic-epidemic-pandemic-what-s-the-difference/a-60295060?maca=en-rss-en-all-1573-rdf,DW,Inconnu,Science,2026-05-16T09:45:43.928215,,,2026-05-16T09:45:43.928215
160,Somali piracy disrupts global shipping and trade routes,"As ships reroute around Africa to avoid Middle East conflict zones, piracy off Somalia is back. The resurgence is driving up insurance, transit times and security costs, putting new pressure on global supply chains.",https://www.dw.com/en/somali-piracy-disrupts-global-shipping-and-trade-routes/a-77047750?maca=en-rss-en-all-1573-rdf,DW,Inconnu,Business,2026-05-16T09:45:43.928215,,,2026-05-16T09:45:43.928215
161,Germany's businesses frustrated by economic decline,"No one had higher hopes for Friedrich Merz's chancellorship than the German business community. Now, however, early euphoria has given way to bitter disappointment.",https://www.dw.com/en/germany-s-businesses-frustrated-by-economic-decline/a-77097307?maca=en-rss-en-all-1573-rdf,DW,Inconnu,Germany,2026-05-16T09:45:43.928215,,,2026-05-16T09:45:43.928215
162,Why is Hollywood missing from Cannes?,There are no US blockbusters premiering at the Cannes Film Festival this year. So who's snubbing who?,https://www.dw.com/en/why-is-hollywood-missing-from-cannes/a-77056586?maca=en-rss-en-all-1573-rdf,DW,Inconnu,Culture,2026-05-16T09:45:43.928215,,,2026-05-16T09:45:43.928215
163,Could German ex-leader really negotiate Ukraine peace?,"Former German chancellor Gerhard Schroder is a controversial  and some critics would even say, unserious  choice as a negotiator on the Ukraine war. He's long been criticized for being too close to Russia.",https://www.dw.com/en/could-german-ex-leader-really-negotiate-ukraine-peace/a-77111372?maca=en-rss-en-all-1573-rdf,DW,Inconnu,Germany,2026-05-16T09:45:43.928215,,,2026-05-16T09:45:43.928215
164,Germany: 'Ulm 5' on trial after attack on Israeli arms firm,Five activists have gone on trial in Germany following a break-in at the Israeli arms company Elbit Systems in Ulm. Their lawyers intend to argue they were trying to obstruct a genocide.,https://www.dw.com/en/germany-ulm-5-on-trial-after-attack-on-israeli-arms-firm/a-77038804?maca=en-rss-en-all-1573-rdf,DW,Inconnu,Germany,2026-05-16T09:45:43.928215,,,2026-05-16T09:45:43.928215
165,'No comment' after Schroder named by Putin for Ukraine talks,Russian President Vladimir Putin suggested that the former German chancellor serve as a mediator in Russia-Ukraine peace talks.,https://www.dw.com/en/no-comment-after-schröder-named-by-putin-for-ukraine-talks/a-77110295?maca=en-rss-en-all-1573-rdf,DW,Inconnu,News,2026-05-16T09:45:43.928215,,,2026-05-16T09:45:43.928215
166,Berlin: Fighting the city's young far-right scene,A recent police raid on Germany's neo-Nazi scene has revealed how alarmingly young some of its members are. But those targeted by this hatred are fighting back.,https://www.dw.com/en/berlin-fighting-the-city-s-young-far-right-scene/a-77098275?maca=en-rss-en-all-1573-rdf,DW,Inconnu,Germany,2026-05-16T09:45:43.928215,,,2026-05-16T09:45:43.928215
167,Data centers: Critical tech infrastructure under threat,"Data centers are energy-intensive engines of growth, the backbone and hub of digitalization. Thousands of them are being built all around the world. The Iran war has shown how vulnerable societies are as a result.",https://www.dw.com/en/data-centers-critical-tech-infrastructure-under-threat/a-77106191?maca=en-rss-en-all-1573-rdf,DW,Inconnu,Germany,2026-05-16T09:45:43.928215,,,2026-05-16T09:45:43.928215
168,"Antisemitism in Germany, and the CDU's search for answers","German Chancellor Friedrich Merz's CDU party has been struggling to find the right words on how it intends to protect Jewish life in the capital. A recent declaration does not go far beyond calling for ""a clear stance.""",https://www.dw.com/en/antisemitism-in-germany-and-the-cdu-s-search-for-answers/a-77096960?maca=en-rss-en-all-1573-rdf,DW,Inconnu,Germany,2026-05-16T09:45:43.928215,,,2026-05-16T09:45:43.928215
169,Greek minister says mystery drone from a 'foreign state',"A Greek military source said the robot, found this week off the island of Lefkada, may have been Ukrainian. Kyiv has admitted using drones to target Russian oil tankers in the Mediterranean.",https://www.dw.com/en/greek-minister-says-mystery-drone-from-a-foreign-state/a-77107116?maca=en-rss-en-all-1573-rdf,DW,Inconnu,News,2026-05-16T09:45:43.935968,,,2026-05-16T09:45:43.935968
170,Putin says he thinks Ukraine war is 'coming to an end',The Russian president made the remarks as Moscow and Kyiv observe a three-day ceasefire in their four-year conflict.,https://www.dw.com/en/putin-says-he-thinks-ukraine-war-is-coming-to-an-end/a-77106772?maca=en-rss-en-all-1573-rdf,DW,Inconnu,News,2026-05-16T09:45:43.935968,,,2026-05-16T09:45:43.935968
171,New film portrays Thomas and Erika Mann  with an oddly twisted premise,"Premiering at Cannes and starring Sandra Huller, Pawel Pawlikowski's ""Fatherland"" is set during the Cold War  a complex period for the prominent anti-Nazi intellectuals.",https://www.dw.com/en/new-film-portrays-thomas-and-erika-mann-with-an-oddly-twisted-premise/a-76970827?maca=en-rss-en-all-1573-rdf,DW,Inconnu,Culture,2026-05-16T09:45:43.935968,,,2026-05-16T09:45:43.935968
172,Eurovision 2026: Politics collide with a blockbuster show,Controversy over Israel's participation and boycotts unprecedented in scale are already weighing on the Eurovision Song Contest before it even kicks off in Vienna.,https://www.dw.com/en/eurovision-2026-politics-collide-with-a-blockbuster-show/a-77069828?maca=en-rss-en-all-1573-rdf,DW,Inconnu,World,2026-05-16T09:45:43.935968,,,2026-05-16T09:45:43.935968
173,Germany's sugar tax sparks 'nanny state' debate,"Friedrich Merz's government has agreed to introduce a sugar levy on soft drinks as part of its health care reforms. Critics have called it disproportionate interference, but dozens of countries already have such a levy.",https://www.dw.com/en/germany-s-sugar-tax-sparks-nanny-state-debate/a-77083208?maca=en-rss-en-all-1573-rdf,DW,Inconnu,Germany,2026-05-16T09:45:43.935968,,,2026-05-16T09:45:43.935968
174,Trump announces 3-day ceasefire between Ukraine and Russia,"The US president said both sides had agreed to halt fighting from May 9 to 11 and to exchange 1,000 prisoners each. Both Ukraine and Russia confirmed the ceasefire and prisoner exchange. Follow DW for more.",https://www.dw.com/en/trump-announces-3-day-ceasefire-between-ukraine-and-russia/live-77091251?maca=en-rss-en-all-1573-rdf,DW,Inconnu,News,2026-05-16T09:45:43.935968,,,2026-05-16T09:45:43.935968
175,How real is a coup threat against Russia's president?,Increased security around Vladimir Putin and a scaling back of public appearances have given rise to suspicions of a coup or assassination attempt. Yet some observers remain skeptical.,https://www.dw.com/en/how-real-is-a-coup-threat-against-russia-s-president/a-77098085?maca=en-rss-en-all-1573-rdf,DW,Inconnu,World,2026-05-16T09:45:43.935968,,,2026-05-16T09:45:43.935968
176,Germany's far-right AfD benefits from discontent with Merz,Never before has a German government been this unpopular after only one year in office as that of Chancellor Friedrich Merz. The far-right AfD is capitalizing on this.,https://www.dw.com/en/germany-s-far-right-afd-benefits-from-discontent-with-merz/a-77094216?maca=en-rss-en-all-1573-rdf,DW,Inconnu,Germany,2026-05-16T09:45:43.935968,,,2026-05-16T09:45:43.935968
177,Celebrated broadcaster and naturalist David Attenborough turns 100,"The still-sprightly centenarian has been knighted twice, nominated for the 2022 Nobel Peace Prize, and is perhaps the world's most recognizable nature lover.",https://www.dw.com/en/celebrated-broadcaster-and-naturalist-david-attenborough-turns-100/a-76880848?maca=en-rss-en-all-1573-rdf,DW,Inconnu,Culture,2026-05-16T09:45:43.935968,,,2026-05-16T09:45:43.935968
178,"""We've lived with them for 80 years"": Inside a German town that US troops could soon leave after Donald Trump's withdrawal threat","If US President Donald Trump is serious, 5,000 US soldiers could be withdrawn from Germany. This would include the Stryker Brigade in Vilseck. The town is in shock.",https://www.dw.com/en/we-ve-lived-with-them-for-80-years-inside-a-german-town-that-us-troops-could-soon-leave-after-donald-trump-s-withdrawal-threat/a-77081982?maca=en-rss-en-all-1573-rdf,DW,Inconnu,Germany,2026-05-16T09:45:43.935968,,,2026-05-16T09:45:43.935968
179,World Cup 'prices will drop' but too late for traveling fans,"Among many firsts at World Cup 2026, FIFA has tried its hand at dynamic pricing and acting as a secondary seller. The tactic has seen a ticket listed for over $2 million, but many games seem undersold. What's going on?",https://www.dw.com/en/world-cup-prices-will-drop-but-too-late-for-traveling-fans/a-77064560?maca=en-rss-en-all-1573-rdf,DW,Inconnu,Sports,2026-05-16T09:45:43.935968,,,2026-05-16T09:45:43.935968
180,Why the EU sees Chinese solar tech as a major security risk,"Europe's solar boom is powered by Chinese technology. But experts warn Chinese-made tech could threaten the continent's safety and even create blackouts. Now, Brussels is aiming to reduce its dependence.",https://www.dw.com/en/why-the-eu-sees-chinese-solar-tech-as-a-major-security-risk/a-77066865?maca=en-rss-en-all-1573-rdf,DW,Inconnu,Business,2026-05-16T09:45:43.935968,,,2026-05-16T09:45:43.935968
181,Germany news: Coalition at odds over pay rises for MPs,"German conservatives want to hold on to automatic pay increases for lawmakers, while the center-left thinks they should skip it this year in light of the economic situation. DW has more.",https://www.dw.com/en/germany-news-coalition-at-odds-over-pay-rises-for-mps/live-77073798?maca=en-rss-en-all-1573-rdf,DW,Inconnu,News,2026-05-16T09:45:43.935968,,,2026-05-16T09:45:43.935968
182,Bayern Munich exit Champions League in semifinal to PSG,Holders Paris Saint-Germain are one game away from retaining the Champions League after knocking out German champions Bayern Munich. Bayern can still complete the domestic double but again miss out on the big one.,https://www.dw.com/en/bayern-munich-exit-champions-league-in-semifinal-to-psg/a-77072250?maca=en-rss-en-all-1573-rdf,DW,Inconnu,Sports,2026-05-16T09:45:43.935968,,,2026-05-16T09:45:43.935968
183,Germany cracks down on neo-Nazi networks,Police and prosecutors have launched a nationwide crackdown on young right-wing extremists. They are alleged to have formed criminal organizations and attacked members of the left-wing scene.,https://www.dw.com/en/germany-cracks-down-on-neo-nazi-networks/a-77070868?maca=en-rss-en-all-1573-rdf,DW,Inconnu,Germany,2026-05-16T09:45:43.935968,,,2026-05-16T09:45:43.935968
184,COVID pioneer BioNTech: The fall of Germany's pandemic hero,"BioNTech, once celebrated for its COVID-19 vaccines, is grappling with falling demand, restructuring and the departure of its founders. Can its ambitious cancer trials turn it from a one-hit wonder into a biotech giant?",https://www.dw.com/en/covid-pioneer-biontech-the-fall-of-germany-s-pandemic-hero/a-77061364?maca=en-rss-en-all-1573-rdf,DW,Inconnu,Business,2026-05-16T09:45:43.935968,,,2026-05-16T09:45:43.935968
185,Venice Biennale in crisis: The controversies explained,"Following the resignation of the jury over Russia's and Israel's disputed participation, the traditional Golden Lion will not be awarded this year.",https://www.dw.com/en/venice-biennale-in-crisis-the-controversies-explained/a-76807499?maca=en-rss-en-all-1573-rdf,DW,Inconnu,Culture,2026-05-16T09:45:43.935968,,,2026-05-16T09:45:43.935968
186,Hungary's new government pushes for euro by 2030,"Hungary's new leadership wants the country to adopt the euro by the end of the decade while repairing strained ties with Brussels. But with a weak economy and tight deadlines, experts warn the path will be steep.",https://www.dw.com/en/hungary-s-new-government-pushes-for-euro-by-2030/a-77053959?maca=en-rss-en-all-1573-rdf,DW,Inconnu,Business,2026-05-16T09:45:43.935968,,,2026-05-16T09:45:43.935968
187,What the Strait of Hormuz fuel crisis means for air travel,Does travel insurance cover flight cancellations caused by the Iran war? Travelers could face major disruption as the jet fuel crisis threatens summer flights.,https://www.dw.com/en/what-the-strait-of-hormuz-fuel-crisis-means-for-air-travel/a-77047977?maca=en-rss-en-all-1573-rdf,DW,Inconnu,Culture,2026-05-16T09:45:43.943674,,,2026-05-16T09:45:43.943674
188,How Rosalia became a global pop force,"From a small town in Spain to sold-out global arenas, Spanish singer Rosalia has built her career with precision rather than luck. How did she do it?",https://www.dw.com/en/how-rosalia-became-a-global-pop-force/a-77052783?maca=en-rss-en-all-1573-rdf,DW,Inconnu,Culture,2026-05-16T09:45:43.945085,,,2026-05-16T09:45:43.945085
189,Germany: Who is CDU parliamentary leader Jens Spahn?,"CDU firebrand, ex-health minister, and leader of his party's parliamentary group, Jens Spahn has been dogged by controversy. But his ambition is undimmed.",https://www.dw.com/en/germany-who-is-cdu-parliamentary-leader-jens-spahn/a-77056956?maca=en-rss-en-all-1573-rdf,DW,Inconnu,Germany,2026-05-16T09:45:43.945637,,,2026-05-16T09:45:43.945637
190,Germany prepares for mission in the Strait of Hormuz,The German minesweeper Fulda has set course for the Mediterranean. The German armed forces may assist in clearing mines in the Strait of Hormuz  although only under certain conditions.,https://www.dw.com/en/germany-prepares-for-mission-in-the-strait-of-hormuz/a-77054325?maca=en-rss-en-all-1573-rdf,DW,Inconnu,Germany,2026-05-16T09:45:43.945637,,,2026-05-16T09:45:43.945637
191,"Germany: BioNTech shutting down COVID vaccine production entirely, 1,860 jobs at risk","The German company that pioneered one of the first mRNA coronavirus vaccines is halting production, handing the reins to partner Pfizer. BioNTech is restructuring to focus on research and illnesses like cancer.",https://www.dw.com/en/germany-biontech-shutting-down-covid-vaccine-production-entirely-1-860-jobs-at-risk/a-77055320?maca=en-rss-en-all-1573-rdf,DW,Inconnu,News,2026-05-16T09:45:43.946889,,,2026-05-16T09:45:43.946889
192,Germany: Difficult first year for Chancellor Friedrich Merz,"A year after taking office, Germany's federal leadership is struggling with the drudgery of coalition governance. Whenever there are problems, the coalition partners are blamed. Or US President Donald Trump.",https://www.dw.com/en/germany-difficult-first-year-for-chancellor-friedrich-merz/a-77053478?maca=en-rss-en-all-1573-rdf,DW,Inconnu,Germany,2026-05-16T09:45:43.946889,,,2026-05-16T09:45:43.946889
193,What is hantavirus?,"Three people have died on a cruise ship in the Atlantic, reportedly from hantavirus. The dangerous Andes strain has been confirmed in two cases. What are the symptoms, and how is it transmitted?",https://www.dw.com/en/what-is-hantavirus/a-77047777?maca=en-rss-en-all-1573-rdf,DW,Inconnu,Science,2026-05-16T09:45:43.946889,,,2026-05-16T09:45:43.946889
194,The sea that is vanishing in real time,"The world's largest inland body of water is retreating at an alarming speed. From stranded buildings to vanishing habitats, scientists warn the Caspian Sea may be approaching a tipping point.",https://www.dw.com/en/the-sea-that-is-vanishing-in-real-time/a-76813409?maca=en-rss-en-all-1573-rdf,DW,Inconnu,Environment,2026-05-16T09:45:43.946889,,,2026-05-16T09:45:43.946889
195,From India to Iran: How Hitler redefined 'Aryan' for the Nazis,"According to Nazi ideology, an ideal ""Aryan"" was blond, blue-eyed with athletic features. The term is still tied to Nazi Germany, but its origin lies elsewhere.",https://www.dw.com/en/from-india-to-iran-how-hitler-redefined-aryan-for-the-nazis/a-77046616?maca=en-rss-en-all-1573-rdf,DW,Inconnu,Culture,2026-05-16T09:45:43.946889,,,2026-05-16T09:45:43.946889
196,Dubai's image as a financial hub faces its biggest test yet,"Amid the smoldering Iran war, wealthy elites are quietly shifting capital and other assets out of Dubai and heading to Singapore and Switzerland. Just how resilient is the emirate's safe-haven reputation?",https://www.dw.com/en/dubai-s-image-as-a-financial-hub-faces-its-biggest-test-yet/a-76959753?maca=en-rss-en-all-1573-rdf,DW,Inconnu,Business,2026-05-16T09:45:43.946889,,,2026-05-16T09:45:43.946889
197,Why Saudi Arabia is withdrawing from sport,"There are few major sports left that are not supported by investment from Saudi Arabia. But with the kingdom pulling out of golf and canceling planned events and contracts elsewhere, is the Saudi sports era over?",https://www.dw.com/en/why-saudi-arabia-is-withdrawing-from-sport/a-77032858?maca=en-rss-en-all-1573-rdf,DW,Inconnu,Sports,2026-05-16T09:45:43.948771,,,2026-05-16T09:45:43.948771
198,"Georg Baselitz, artist renowned for his upside-down paintings, dies",He was thrown out of art school at the age of 18 because of his love for Picasso. The German artist who never lost his rebellious streak has died at the age of 88.,https://www.dw.com/en/georg-baselitz-artist-renowned-for-his-upside-down-paintings-dies/a-77037122?maca=en-rss-en-all-1573-rdf,DW,Inconnu,Culture,2026-05-16T09:45:43.948771,,,2026-05-16T09:45:43.948771
199,Angine de Poitrine: A masked rock band conquers the internet,"From underground experiment to sold-out international concerts within days  as the French-Canadian band Angine de Poitrine starts touring the world, we take a look at the viral phenomenon.",https://www.dw.com/en/angine-de-poitrine-a-masked-rock-band-conquers-the-internet/a-77030522?maca=en-rss-en-all-1573-rdf,DW,Inconnu,Culture,2026-05-16T09:45:43.948771,,,2026-05-16T09:45:43.948771
200,Women's Champions League: Bayern fall to Barcelona in semis,Bayern Munich have come up short in their bid to win the Women's Champions League for the first time after losing to Barcelona in the semifinals.,https://www.dw.com/en/women-s-champions-league-bayern-fall-to-barcelona-in-semis/a-77030846?maca=en-rss-en-all-1573-rdf,DW,Inconnu,Sports,2026-05-16T09:45:43.948771,,,2026-05-16T09:45:43.948771
201,Millions sway as free Shakira concert lights up Copacabana,"The Colombian superstar delivers one of the biggest shows of her career, as fans flock from Brazil and beyond for her ""Women No Longer Cry"" world tour.",https://www.dw.com/en/millions-sway-as-free-shakira-concert-lights-up-copacabana/a-77022547?maca=en-rss-en-all-1573-rdf,DW,Inconnu,News,2026-05-16T09:45:43.950105,,,2026-05-16T09:45:43.950105
202,"Alex Zanardi, F1 driver and multiple CART and Paralympic champion, dies at 59","Italian race driver turned Paralympian Alex Zanardi has died aged 59. The former Formula 1 driver and two-time CART champion lost his legs in a horrific crash at the peak of his powers, but his drive to compete endured.",https://www.dw.com/en/alex-zanardi-f1-driver-and-multiple-cart-and-paralympic-champion-dies-at-59/a-77018399?maca=en-rss-en-all-1573-rdf,DW,Inconnu,News,2026-05-16T09:45:43.950105,,,2026-05-16T09:45:43.950105
203,Gender investment gap: Are women catching up with men?,Online brokers are tapping into the potential of female investors. Tailor-made products and branding campaigns are on the rise. Will this help bridge the gap between women and men when it comes to investing?,https://www.dw.com/en/gender-investment-gap-are-women-catching-up-with-men/a-76862702?maca=en-rss-en-all-1573-rdf,DW,Inconnu,Business,2026-05-16T09:45:43.950105,,,2026-05-16T09:45:43.950105
204,Iran's Vafaei playing for more than snooker glory,"After years lost to visa battles, Hossein Vafaei is finally delivering on his early promise as a snooker prodigy. He's hoping to inspire people back home amid the turmoil in Iran.",https://www.dw.com/en/iran-s-vafaei-playing-for-more-than-snooker-glory/a-76998832?maca=en-rss-en-all-1573-rdf,DW,Inconnu,Sports,2026-05-16T09:45:43.951362,,,2026-05-16T09:45:43.951362
205,Study busts myth: German 'spring fatigue' doesn't exist,"Do we really feel more tired in spring? Researchers in Switzerland say, ""there's no such thing as spring fatigue."" But it is a deep cultural phenomenon in German-speaking countries.",https://www.dw.com/en/study-busts-myth-german-spring-fatigue-doesn-t-exist/a-76985131?maca=en-rss-en-all-1573-rdf,DW,Inconnu,Science,2026-05-16T09:45:43.951362,,,2026-05-16T09:45:43.951362
206,How widespread is global fatigue with the US?,"The global image of the US has taken a blow, as many people are increasingly fed up with the constant stream of controversies surrounding the Trump administration.",https://www.dw.com/en/how-widespread-is-global-fatigue-with-the-us/a-76869943?maca=en-rss-en-all-1573-rdf,DW,Inconnu,Culture,2026-05-16T09:45:43.951362,,,2026-05-16T09:45:43.951362
207,"A new climate club, minus the fossil fuel lobby","Frustrated by blocking coalitions, 50-plus nations at the inaugural talks on exiting fossil fuels made one thing clear: it's all about how  not whether  to phase out coal, oil and gas.",https://www.dw.com/en/a-new-climate-club-minus-the-fossil-fuel-lobby/a-76992981?maca=en-rss-en-all-1573-rdf,DW,Inconnu,Environment,2026-05-16T09:45:43.951362,,,2026-05-16T09:45:43.951362
208,Will EU bring in a windfall tax on oil companies?,"Five countries, including Germany, want the EU to bring in a so-called windfall tax to target energy companies benefiting from the price crisis. It can be done, but it's complex.",https://www.dw.com/en/will-eu-bring-in-a-windfall-tax-on-oil-companies/a-76920556?maca=en-rss-en-all-1573-rdf,DW,Inconnu,Business,2026-05-16T09:45:43.951362,,,2026-05-16T09:45:43.951362
209,Why UAE's OPEC exit is a blow to Saudi Arabia,The United Arab Emirates is leaving OPEC to pump more oil on its own terms. The break strips Saudi Arabia of a key partner and adds to growing uncertainty over the cartel's future.,https://www.dw.com/en/why-uae-s-opec-exit-is-a-blow-to-saudi-arabia/a-76975354?maca=en-rss-en-all-1573-rdf,DW,Inconnu,Business,2026-05-16T09:45:43.951362,,,2026-05-16T09:45:43.951362
210,Football: Afghan women's team recognized in blow to Taliban,"Banned from playing football and sent into exile, Afghanistan's women's team has had to fight to regain international status. That newly awarded recognition is a ""hard slap to the face"" of the Taliban, a player told DW.",https://www.dw.com/en/football-afghan-women-s-team-recognized-in-blow-to-taliban/a-76979827?maca=en-rss-en-all-1573-rdf,DW,Inconnu,Sports,2026-05-16T09:45:43.951362,,,2026-05-16T09:45:43.951362
211,2026 Goethe Medal: Meet the recipients,"Though they work in different fields and countries, what unites them is their focus on a Europe in transition: Arvo Part, Anita Raja and Prodromos Tsinikoris have been awarded the 2026 Goethe Medal.",https://www.dw.com/en/2026-goethe-medal-meet-the-recipients/a-76982863?maca=en-rss-en-all-1573-rdf,DW,Inconnu,Culture,2026-05-16T09:45:43.951362,,,2026-05-16T09:45:43.951362
212,'Rose' and the piece of fabric that embodies gender politics,"As the film starring Sandra Huller is released in Germany, DW talked to director Markus Schleinzer about why women passing as men inspired his historical drama, and why it's a current topic.",https://www.dw.com/en/rose-and-the-piece-of-fabric-that-embodies-gender-politics/a-76926727?maca=en-rss-en-all-1573-rdf,DW,Inconnu,Culture,2026-05-16T09:45:43.951362,,,2026-05-16T09:45:43.951362
213,Extreme weather and green energy on the rise in Europe,Europe's climate extremes have hit new highs  but renewables are now supplying nearly half of the continent's electricity.,https://www.dw.com/en/extreme-weather-and-green-energy-on-the-rise-in-europe/a-76962870?maca=en-rss-en-all-1573-rdf,DW,Inconnu,World,2026-05-16T09:45:43.951362,,,2026-05-16T09:45:43.951362
214,Germany's entrepreneurs betting on post-Maduro Venezuela,"Venezuela's economy is opening sectors to foreign firms, and that could pay off for the few German companies that have stuck it out through years of decline.",https://www.dw.com/en/germany-s-entrepreneurs-betting-on-post-maduro-venezuela/a-76968518?maca=en-rss-en-all-1573-rdf,DW,Inconnu,Business,2026-05-16T09:45:43.951362,,,2026-05-16T09:45:43.951362
215,What Renault's new EV reveals about the global auto industry,"French carmaker Renault no longer sells its brand in the Chinese market, but it's not afraid to design and develop them there. It's just one more sign of big shifts in the global auto industry.",https://www.dw.com/en/what-renault-s-new-ev-reveals-about-the-global-auto-industry/a-76823988?maca=en-rss-en-all-1573-rdf,DW,Inconnu,Business,2026-05-16T09:45:43.951362,,,2026-05-16T09:45:43.951362
216,"Bundesliga games abroad unlikely, but for how long?","New proposals from FIFA will allow domestic leagues to host one game abroad a season. As a result, Europe's football leagues could face a big change sooner rather than later.",https://www.dw.com/en/bundesliga-games-abroad-unlikely-but-for-how-long/a-76954022?maca=en-rss-en-all-1573-rdf,DW,Inconnu,Sports,2026-05-16T09:45:43.951362,,,2026-05-16T09:45:43.951362
217,'Marine unicorns' aren't loving Arctic noise,Narwhals are fleeing Canada's far north. Researchers suspect a link to noise pollution from increasing ship traffic.,https://www.dw.com/en/marine-unicorns-aren-t-loving-arctic-noise/a-76704611?maca=en-rss-en-all-1573-rdf,DW,Inconnu,Environment,2026-05-16T09:45:43.951362,,,2026-05-16T09:45:43.951362
218,Will the Iran war end Strait of Hormuz oil supremacy?,"The conflict has brutally exposed the energy market's Achilles' heel. While global powers China, India and the EU push renewables, Gulf leaders are advancing plans for new bypass pipelines to safeguard their oil empires.",https://www.dw.com/en/will-the-iran-war-end-strait-of-hormuz-oil-supremacy/a-76893004?maca=en-rss-en-all-1573-rdf,DW,Inconnu,Business,2026-05-16T09:45:43.951362,,,2026-05-16T09:45:43.951362
219,Sawe smashes 2-hour mark setting record at London Marathon,Kenya's Sabastian Sawe has made history in London as the first man to run a marathon in under two hours. He beat the world record by more than a minute.,https://www.dw.com/en/sawe-smashes-2-hour-mark-setting-record-at-london-marathon/a-76943171?maca=en-rss-en-all-1573-rdf,DW,Inconnu,News,2026-05-16T09:45:43.951362,,,2026-05-16T09:45:43.951362
220,Queer as folk: The gay scandal that shook the German Empire,"Germany's last emperor, a gilded porcelain vase and a general who had a heart attack in a pink tutu: The Eulenburg Affair shook the German Empire and Europe to its core and paved the way for the downfall of the monarchy.",https://www.dw.com/en/queer-as-folk-the-gay-scandal-that-shook-the-german-empire/a-76940939?maca=en-rss-en-all-1573-rdf,DW,Inconnu,Culture,2026-05-16T09:45:43.951362,,,2026-05-16T09:45:43.951362
221,The silent power of memes,"They are funny, provocative and sometimes tasteless. But memes are also powerful political tool, shaping our perception  usually without us noticing.",https://www.dw.com/en/the-silent-power-of-memes/a-76927503?maca=en-rss-en-all-1573-rdf,DW,Inconnu,Culture,2026-05-16T09:45:43.951362,,,2026-05-16T09:45:43.951362
222,"States gather in a new push to ditch coal, oil and gas","At an unprecedented meeting in Colombia, delegates from more than 50 countries want to chart a practical path to wean the world off fossil fuels. Can they succeed where the UN climate talks have failed?",https://www.dw.com/en/states-gather-in-a-new-push-to-ditch-coal-oil-and-gas/a-76891719?maca=en-rss-en-all-1573-rdf,DW,Inconnu,Environment,2026-05-16T09:45:43.951362,,,2026-05-16T09:45:43.951362
223,"Meta, Microsoft purge jobs amid AI build-up","Facebook's parent company said it would slash 10% of its workforce, while Microsoft is offering an early retirement scheme. The cuts come as both tech giants make massive investments in AI.",https://www.dw.com/en/meta-microsoft-purge-jobs-amid-ai-build-up/a-76918848?maca=en-rss-en-all-1573-rdf,DW,Inconnu,News,2026-05-16T09:45:43.951362,,,2026-05-16T09:45:43.951362
224,The country that's turning to solar during war,Nuclear disaster is not just an abstract concept in Ukraine. It is both history and an ongoing threat that is pushing communities to turn to the sun for energy.,https://www.dw.com/en/the-country-that-s-turning-to-solar-during-war/a-76907346?maca=en-rss-en-all-1573-rdf,DW,Inconnu,Climate,2026-05-16T09:45:43.951362,,,2026-05-16T09:45:43.951362
225,A book lover's dream holiday in Scotland,"As UNESCO celebrates World Book Day on April 23, we visit a Scottish coastal town that was saved by books.",https://www.dw.com/en/a-book-lover-s-dream-holiday-in-scotland/a-76884546?maca=en-rss-en-all-1573-rdf,DW,Inconnu,Culture,2026-05-16T09:45:43.951362,,,2026-05-16T09:45:43.951362
226,Bayern Munich on the brink of historic 'double treble',"With Bundesliga titles in the bag and cup finals to come, Bayern's men and women have a chance to achieve something unique in Europe. The two teams dominate in Germany and appear united in their Champions League aims.",https://www.dw.com/en/bayern-munich-on-the-brink-of-historic-double-treble/a-76894410?maca=en-rss-en-all-1573-rdf,DW,Inconnu,Sports,2026-05-16T09:45:43.951362,,,2026-05-16T09:45:43.951362
227,Russia to block Kazakh oil flows to Germany via key pipeline,Germany has confirmed that Russia will block flows of Kazakh oil to a vital refinery that supplies much of Berlin's energy needs from May 1.,https://www.dw.com/en/russia-to-block-kazakh-oil-flows-to-germany-via-key-pipeline/a-76895743?maca=en-rss-en-all-1573-rdf,DW,Inconnu,Business,2026-05-16T09:45:43.951362,,,2026-05-16T09:45:43.951362
228,The rise and fall of East Germany's Palace of the Republic,"From 1976 through 1990, the building in East Berlin served as a symbol of the communist state's power. The ""People's Palace"" was controversially destroyed  and yet remains present.",https://www.dw.com/en/the-rise-and-fall-of-east-germany-s-palace-of-the-republic/a-76836834?maca=en-rss-en-all-1573-rdf,DW,Inconnu,Culture,2026-05-16T09:45:43.959518,,,2026-05-16T09:45:43.959518
229,Could Iran war trigger bigger trade crisis than COVID?,"As the Iran war simmers, trade experts ask whether it could reshape supply chains more deeply than COVID-19, forcing companies to rethink strategies to counter further geopolitical shocks.",https://www.dw.com/en/could-iran-war-trigger-bigger-trade-crisis-than-covid/a-76804278?maca=en-rss-en-all-1573-rdf,DW,Inconnu,Business,2026-05-16T09:45:43.959518,,,2026-05-16T09:45:43.959518
230,Iran war: Jet fuel crisis deepens as Lufthansa cuts flights,"The impact of jet fuel shortages because of the closure of the Strait of Hormuz is starting to burn. Lufthansa has canceled 20,000 flights and experts warn more cancellations and price hikes are on the way.",https://www.dw.com/en/iran-war-jet-fuel-crisis-deepens-as-lufthansa-cuts-flights/a-76889141?maca=en-rss-en-all-1573-rdf,DW,Inconnu,Business,2026-05-16T09:45:43.959518,,,2026-05-16T09:45:43.959518
231,How grievance turns to violence in a mass shooter's mind,"Attacks like last week's school shooting in Turkey can seem to come out of nowhere, but they rarely do. Instead, a buildup of grievance and fixation often precedes the the moment violent thoughts become violent acts.",https://www.dw.com/en/how-grievance-turns-to-violence-in-a-mass-shooter-s-mind/a-76882329?maca=en-rss-en-all-1573-rdf,DW,Inconnu,Science,2026-05-16T09:45:43.960326,,,2026-05-16T09:45:43.960326
232,Mars: NASA's Curiosity rover finds new organic matter in Gale Crater,NASA's Curiosity rover has identified more organic compounds as scientists investigate any potential ancient life signs on Mars. It was exploring the massive Gale Crater also believed to be a now-dry lake.,https://www.dw.com/en/mars-nasa-s-curiosity-rover-finds-new-organic-matter-in-gale-crater/a-76880842?maca=en-rss-en-all-1573-rdf,DW,Inconnu,News,2026-05-16T09:45:43.960326,,,2026-05-16T09:45:43.960326
233,Apple switches CEO: What it means for the tech giant,"Apple's top hardware engineer John Ternus will lead the $4 trillion iPhone maker, as Tim Cook steps back. Will Apple chase rivals for the smartest intelligence, or deliver the best personal AI experience?",https://www.dw.com/en/apple-switches-ceo-what-it-means-for-the-tech-giant/a-76875625?maca=en-rss-en-all-1573-rdf,DW,Inconnu,Business,2026-05-16T09:45:43.960326,,,2026-05-16T09:45:43.960326
234,Can data centers be green?,"Renewable energy is increasingly being used to supply power-hungry data centers. As the sector swells, much of the electricity demand is being met by polluting fossil fuels.",https://www.dw.com/en/can-data-centers-be-green/a-76873187?maca=en-rss-en-all-1573-rdf,DW,Inconnu,Environment,2026-05-16T09:45:43.960326,,,2026-05-16T09:45:43.960326
235,"Tim Cook to step down as Apple CEO, John Ternus to take over","John Ternus, who has long focused on design and products at Apple, will lead the iPhone maker as it gears up for an industry change spurred by artificial intelligence.",https://www.dw.com/en/tim-cook-to-step-down-as-apple-ceo-john-ternus-to-take-over/a-76873245?maca=en-rss-en-all-1573-rdf,DW,Inconnu,News,2026-05-16T09:45:43.960326,,,2026-05-16T09:45:43.960326
236,Bundesliga debut by female coach marred by misogyny,"Marie-Louise Eta's historic debut as a head coach in the men's Bundesliga ended in defeat. While her appointment is a sign of progress, the reactions to it leave no doubt about how much is still to be done.",https://www.dw.com/en/bundesliga-debut-by-female-coach-marred-by-misogyny/a-76856610?maca=en-rss-en-all-1573-rdf,DW,Inconnu,Sports,2026-05-16T09:45:43.960326,,,2026-05-16T09:45:43.960326
237,China's chip ambitions shake up global tech industry,"US curbs on advanced chips pushed China to focus on its own semiconductor ecosystem. And while it trails at the very cutting edge, China's ""goodenough"" technology is fast powering much of the global economy.",https://www.dw.com/en/china-s-chip-ambitions-shake-up-global-tech-industry/a-76056790?maca=en-rss-en-all-1573-rdf,DW,Inconnu,Business,2026-05-16T09:45:43.960326,,,2026-05-16T09:45:43.960326
238,Mines in the Strait of Hormuz: How dangerous are they?,"Iran says it has placed mines in the Straight of Hormuz to discourage independent traffic. How dangerous are naval mines, and what can be done to clear them?",https://www.dw.com/en/mines-in-the-strait-of-hormuz-how-dangerous-are-they/a-76847658?maca=en-rss-en-all-1573-rdf,DW,Inconnu,Science,2026-05-16T09:45:43.960326,,,2026-05-16T09:45:43.960326
239,Climate change impacts India's harvest festivals,"As many Indians celebrate spring festivals, climate change has become an unwanted guest at the table. What does this mean for harvests, water and rural life?",https://www.dw.com/en/climate-change-impacts-india-s-harvest-festivals/a-76821351?maca=en-rss-en-all-1573-rdf,DW,Inconnu,Environment,2026-05-16T09:45:43.960326,,,2026-05-16T09:45:43.960326
240,Hannover Messe 2026: Brazilian flair awaits visitors,"With war in Iran on hold, the world's largest industrial trade fair opens in Hannover. And Brazil, this year's partner country, is pulling out all stops to convince visitors it's a reliable technology leader.",https://www.dw.com/en/hannover-messe-2026-brazilian-flair-awaits-visitors/a-76810602?maca=en-rss-en-all-1573-rdf,DW,Inconnu,Business,2026-05-16T09:45:43.960326,,,2026-05-16T09:45:43.960326
241,The German who recovered from a stroke to seal Olympic first,"Kathrin Marchand was an elite rower for years before becoming a doctor. But a stroke at the age of 30 changed everything. Despite the challenges, she has now achieved something no other Olympian ever has.",https://www.dw.com/en/the-german-who-recovered-from-a-stroke-to-seal-olympic-first/a-76775080?maca=en-rss-en-all-1573-rdf,DW,Inconnu,Sports,2026-05-16T09:45:43.964164,,,2026-05-16T09:45:43.964164
242,Chess: Uzbekistan's new star shows Asia's continued rise,"Javokhir Sindarov of Uzbekistan has earned the right to challenge India's Dommaraju Gukesh for the world title. Both men are under 21 and from Asia, underlining an ongoing demographic shift in top level chess.",https://www.dw.com/en/chess-uzbekistan-s-new-star-shows-asia-s-continued-rise/a-76819848?maca=en-rss-en-all-1573-rdf,DW,Inconnu,Sports,2026-05-16T09:45:43.964164,,,2026-05-16T09:45:43.964164
243,Starmer accuses Musk of trying to whip up division over Henry Nowak murder,X owner Musk has posted several times on the site criticising the police treatment of Henry Nowak.,https://www.bbc.com/news/articles/c1e2ww900zno?at_medium=RSS&at_campaign=rss,BBC,Inconnu,General,2026-06-04T10:11:27.354898,,,2026-06-04T10:11:27.354898
244,Inquest to examine if police response contributed to Henry Nowak death,A full inquest into Henry Nowak's death is scheduled for September 2027 in Winchester.,https://www.bbc.com/news/articles/cyv2ddgpn8qo?at_medium=RSS&at_campaign=rss,BBC,Inconnu,General,2026-06-04T10:11:27.354898,,,2026-06-04T10:11:27.354898
245,New NHS drug offers ovarian cancer patients more time and better quality of life,"Women taking the drug, which is kinder on the body, tell the BBC it has given them their lives back.",https://www.bbc.com/news/articles/ce8p57y35lzo?at_medium=RSS&at_campaign=rss,BBC,Inconnu,General,2026-06-04T10:11:27.354898,,,2026-06-04T10:11:27.354898
246,Israel and Lebanon agree to implement ceasefire if Hezbollah stops attacks,"The countries reject ""any attempt, by any state or non-state actor, to hold Lebanon's future hostage"", the US says.",https://www.bbc.com/news/articles/c5y01pdqvkgo?at_medium=RSS&at_campaign=rss,BBC,Inconnu,General,2026-06-04T10:11:27.354898,,,2026-06-04T10:11:27.354898
247,'Nothing left to chance' for Bayeux Tapestry's journey to London,"The 950-year-old work will be as safe ""as a baby"" during its move to London, French officials say.",https://www.bbc.com/news/articles/c9d37dl139eo?at_medium=RSS&at_campaign=rss,BBC,Inconnu,General,2026-06-04T10:11:27.354898,,,2026-06-04T10:11:27.354898
248,What a hair loss breakthrough could mean for women like me,"As scientists edge closer to new treatments for hair loss, Victoria Derbyshire examines what such breakthroughs could mean for women.",https://www.bbc.com/news/articles/cg7p8n9g2klo?at_medium=RSS&at_campaign=rss,BBC,Inconnu,General,2026-06-04T10:11:27.354898,,,2026-06-04T10:11:27.354898
249,Harry and Meghan celebrate Lilibet's fifth birthday,"The Duke and Duchess of Sussex share a picture of their daughter Lilibet, calling her ""our dream girl"".",https://www.bbc.com/news/articles/cx21rr51z1eo?at_medium=RSS&at_campaign=rss,BBC,Inconnu,General,2026-06-04T10:11:27.354898,,,2026-06-04T10:11:27.354898
250,Exams watchdog warns of rise in high-tech cheating,Ofqual chief says invigilators are being trained to detect devices like smart glasses and hidden earpieces.,https://www.bbc.com/news/articles/cvgz22w4g9zo?at_medium=RSS&at_campaign=rss,BBC,Inconnu,General,2026-06-04T10:11:27.354898,,,2026-06-04T10:11:27.354898
251,Missing Mandelson messages from minister Darren Jones revealed,"Messages were expected to appear in the batch of Mandelson files, published earlier this week, but did not.",https://www.bbc.com/news/articles/c1w2rvn8nqyo?at_medium=RSS&at_campaign=rss,BBC,Inconnu,General,2026-06-04T10:11:27.354898,,,2026-06-04T10:11:27.354898
252,"Israeli strikes kill 11 people in Gaza City, medics say",Women and children were among those killed when Israeli aircraft struck at least four residential buildings in several areas.,https://www.bbc.com/news/articles/cg5prr9gr1ro?at_medium=RSS&at_campaign=rss,BBC,Inconnu,General,2026-06-04T10:11:27.354898,,,2026-06-04T10:11:27.354898
253,Bob Harris to step down from Radio 2 after 56 years on air,"The broadcaster, who is being treated for cancer, called it ""the hardest decision"" he'd ever made.",https://www.bbc.com/news/articles/ckgpke71kpko?at_medium=RSS&at_campaign=rss,BBC,Inconnu,General,2026-06-04T10:11:27.354898,,,2026-06-04T10:11:27.354898
254,Teenager given life sentence for knife murder while on bail for slashing,"The 17-year-old will serve a minimum of 17 years for killing John McNab, 22, in an unprovoked attack in Leith last year.",https://www.bbc.com/news/articles/cjepq5qej50o?at_medium=RSS&at_campaign=rss,BBC,Inconnu,General,2026-06-04T10:11:27.354898,,,2026-06-04T10:11:27.354898
255,Black Hawks and robodogs - how one Mexican city is preparing for the World Cup,"BBCs Will Grant got a first-hand look at security preparations in Monterrey, as the city gets ready to host four matches.",https://www.bbc.com/news/videos/c4g4n4nzl2yo?at_medium=RSS&at_campaign=rss,BBC,Inconnu,General,2026-06-04T10:11:27.354898,,,2026-06-04T10:11:27.354898
256,Our estate was labelled a war zone after the riot - but the reality is very different,People from Mayhill and Townhill say perceptions of their estate are very different to the reality.,https://www.bbc.com/news/articles/c152ev87keqo?at_medium=RSS&at_campaign=rss,BBC,Inconnu,General,2026-06-04T10:11:27.354898,,,2026-06-04T10:11:27.354898
257,I left a children's home  and was embraced by love,How a new scheme for young people leaving care is tackling what was once a cliff-edge for this vulnerable group.,https://www.bbc.com/news/articles/c3d2grdep8mo?at_medium=RSS&at_campaign=rss,BBC,Inconnu,General,2026-06-04T10:11:27.354898,,,2026-06-04T10:11:27.354898
258,Grab what you can while you can: The new reality in the South China Sea,"After years of watching China create land to back its expansive claims, others are doing the same.",https://www.bbc.com/news/articles/cy823n3ln29o?at_medium=RSS&at_campaign=rss,BBC,Inconnu,General,2026-06-04T10:11:27.354898,,,2026-06-04T10:11:27.354898
259,'My daughter didn't know her own name': Scooter crash in India left student with brain injuries,"Dad Nic North said it was ""absolutely idiotic"" that his daughter Olivia wasn't wearing a helmet.",https://www.bbc.com/news/articles/c4g91vyldyno?at_medium=RSS&at_campaign=rss,BBC,Inconnu,General,2026-06-04T10:11:27.354898,,,2026-06-04T10:11:27.354898
260,"NHS staff should be banned from wearing pro-Palestinian badges, report recommends","The recommendation is one of several from Lord Mann, whose review examined antisemitism within the organisation.",https://www.bbc.com/news/articles/cn0plkd4wdno?at_medium=RSS&at_campaign=rss,BBC,Inconnu,General,2026-06-04T10:11:27.354898,,,2026-06-04T10:11:27.354898
261,Sherpa guide missing for six days found crawling to Everest base camp,Cleaners found Dawa Sherpa crawling towards Base Camp six days after he went missing at a higher altitude.,https://www.bbc.com/news/articles/cvgz2yjl4y3o?at_medium=RSS&at_campaign=rss,BBC,Inconnu,General,2026-06-04T10:11:27.354898,,,2026-06-04T10:11:27.354898
262,'Apocalyptic' Tata Steel fire breaks out as people told to stay indoors,Residents are advised to keep windows and doors closed as crews battle the fire in Port Talbot.,https://www.bbc.com/news/articles/cy826zjxdgvo?at_medium=RSS&at_campaign=rss,BBC,Inconnu,General,2026-06-04T10:11:27.354898,,,2026-06-04T10:11:27.354898
263,Bondi Beach shooting hero charged with domestic assault,Ahmed al Ahmed disarmed one of the alleged shooters during the deadly attack at a Jewish event.,https://www.bbc.com/news/articles/cd7p11010g5o?at_medium=RSS&at_campaign=rss,BBC,Inconnu,General,2026-06-04T10:11:27.354898,,,2026-06-04T10:11:27.354898
264,"Avoid 'reactive' police reforms after Nowak murder, senior black officer warns","The head of the National Black Police Association says proposed changes to racism guidance are ""not well thought-out"".",https://www.bbc.com/news/articles/cx21wvl7yjyo?at_medium=RSS&at_campaign=rss,BBC,Inconnu,General,2026-06-04T10:11:27.354898,,,2026-06-04T10:11:27.354898
265,"Falling pupil numbers should lead to smaller class sizes, says union","The union argues that instead of cutting teacher recruitment, the government should use falling pupil numbers to make class sizes smaller.",https://www.bbc.com/news/articles/crrpg7rgelro?at_medium=RSS&at_campaign=rss,BBC,Inconnu,General,2026-06-04T10:11:27.354898,,,2026-06-04T10:11:27.354898
267,By-Electioncast: Chris Reports Back From Makerfield,What's happening on the ground in the Makerfield by-election campaign?,https://www.bbc.co.uk/sounds/play/p0nphd6d?at_medium=RSS&at_campaign=rss,BBC,Inconnu,General,2026-06-04T10:11:27.354898,,,2026-06-04T10:11:27.354898
268,Does the US need new laws to protect elections?,"And, why does Donald Trump want to nationalise elections?",https://www.bbc.co.uk/sounds/play/w3ct8lz4?at_medium=RSS&at_campaign=rss,BBC,Inconnu,General,2026-06-04T10:11:27.354898,,,2026-06-04T10:11:27.354898
269,The story of how England's 'Golden Generation' unravelled,Why did the England football team not fulfil their potential at the 2006 World Cup?,http://www.bbc.co.uk/iplayer/episode/m002wbmg?at_mid=fwcDQ6qW9A&at_campaign=England_2006_The_Golden_Generation&at_medium=display_ad&at_campaign_type=owned&at_nation=NET&at_audience_id=SS&at_product=iplayer&at_brand=m002wbmg&at_ptr_name=bbc&at_ptr_type=media&at_format=image&at_objective=consumption&at_link_title=England_2006_The_Golden_Generation&at_bbc_team=BBC,BBC,Inconnu,General,2026-06-04T10:11:27.354898,,,2026-06-04T10:11:27.354898
270,The devastating reality of life with endometriosis,Emma Barnett exposes the devastating reality of endometriosis and its toll on women.,https://www.bbc.co.uk/iplayer/episode/m002x8nb?at_mid=UczPtj62V1&at_campaign=Emma_Barnett_Fighting_Endometriosis&at_medium=display_ad&at_campaign_type=owned&at_nation=NET&at_audience_id=SS&at_product=iplayer&at_brand=m002x8nb&at_ptr_name=bbc&at_ptr_type=media&at_format=image&at_objective=consumption&at_link_title=Emma_Barnett_Fighting_Endometriosis&at_bbc_team=BBC&at_creation=News,BBC,Inconnu,General,2026-06-04T10:11:27.354898,,,2026-06-04T10:11:27.354898
271,Man City consider legal action over Real candidate's promise to sign Haaland,"After a candidate in Real Madrid's presidential election unveils an Erling Haaland shirt on live TV, Manchester City dismiss the suggestion their striker will move to Spain.",https://www.bbc.com/sport/football/articles/c3r2g5zgl0vo?at_medium=RSS&at_campaign=rss,BBC,Inconnu,General,2026-06-04T10:11:27.354898,,,2026-06-04T10:11:27.354898
272,Ukraine-Russia tension hangs over French Open semi-finals,Russia's war in Ukraine will provide an unavoidable backdrop to the French Open women's semi-finals - and possibly the final.,https://www.bbc.com/sport/tennis/articles/cq5pvj280eqo?at_medium=RSS&at_campaign=rss,BBC,Inconnu,General,2026-06-04T10:11:27.354898,,,2026-06-04T10:11:27.354898
273,Trump says Eiffel Tower-like UFC structure may stay on White House lawn,"President Donald Trump says he may choose to leave a purpose-built UFC arena standing at the White House because it is ""attractive to a lot of people"".",https://www.bbc.com/sport/mixed-martial-arts/articles/cx21778x81zo?at_medium=RSS&at_campaign=rss,BBC,Inconnu,General,2026-06-04T10:11:27.354898,,,2026-06-04T10:11:27.354898
274,Ex-Ireland and Lions back row Slattery dies aged 77,Blackrock College announce the death of former Ireland and British and Irish Lions back row Fergus Slattery at the age of 77.,https://www.bbc.com/sport/rugby-union/articles/crrpgrj2rv8o?at_medium=RSS&at_campaign=rss,BBC,Inconnu,General,2026-06-04T10:11:27.354898,,,2026-06-04T10:11:27.354898
275,Eight and out - Gay's Test debut doesn't go to plan against New Zealand,England's Emilio Gay falls for eight on Test debut as he's caught off the bowling of Kyle Jamieson with the home side 16-1 on the first morning of the first Test against New Zealand at Lord's.,https://www.bbc.com/sport/cricket/videos/crlpgl3e5x3o?at_medium=RSS&at_campaign=rss,BBC,Inconnu,General,2026-06-04T10:11:27.354898,,,2026-06-04T10:11:27.354898
276,Heat experts warn 'reckless' Fifa of bottle ban health risk,"Fans will not be allowed to take reusable water bottles into World Cup stadiums due to safety concerns, Fifa says in a late policy change.",https://www.bbc.com/sport/football/articles/c302gelj8evo?at_medium=RSS&at_campaign=rss,BBC,Inconnu,General,2026-06-04T10:11:27.354898,,,2026-06-04T10:11:27.354898
327,"Quiz: World Cup 2026  player and team records, key statistics",Test your football knowledge before the World Cup begins with a 10-question quiz.,https://www.aljazeera.com/sports/2026/6/4/quiz-world-cup-2026-player-and-team-records-key-statistics?traffic_source=rss,Al Jazeera,Inconnu,Sport,2026-06-04T10:11:31.465597,,,2026-06-04T10:11:31.465597
328,Monsoon rain reaches Kerala 3 days late but on time to save Indian harvests,The monsoon rains are essential for driving India's $4 trillion economy.,https://www.aljazeera.com/news/2026/6/4/monsoon-rain-reaches-kerala-3-days-late-but-on-time-to-save-indian-harvests?traffic_source=rss,Al Jazeera,Inconnu,News,2026-06-04T10:11:31.465597,,,2026-06-04T10:11:31.465597
329,Who is the Indian guru Venezuelan acting President Delcy Rodriguez follows?,"The Venezuelan leader, who is a devotee of Sathya Sai Baba, is in India as the two countries aim to boost energy ties.",https://www.aljazeera.com/news/2026/6/4/who-is-the-indian-guru-venezuelan-acting-president-delcy-rodriguez-follows?traffic_source=rss,Al Jazeera,Inconnu,News,2026-06-04T10:11:31.465597,,,2026-06-04T10:11:31.465597
330,Itamar Ben-Gvir: The face of Israels hard right  or the face of Israel?,"Despite internal criticism, analysts argue Ben-Gvir holds a mirror to much of Israeli society.",https://www.aljazeera.com/news/2026/6/4/itamar-ben-gvir-the-face-of-israels-hard-right-or-the-face-of?traffic_source=rss,Al Jazeera,Inconnu,News,2026-06-04T10:11:31.465597,,,2026-06-04T10:11:31.465597
331,Grossly unfair: Meta slams Australias bid to make platforms pay for news,Facebook parent company says proposals violate Australia's commitments under its free trade agreement with the US.,https://www.aljazeera.com/economy/2026/6/4/grossly-unfair-meta-slams-australias-bid-to-make-platforms-pay-for-news?traffic_source=rss,Al Jazeera,Inconnu,News,2026-06-04T10:11:31.465597,,,2026-06-04T10:11:31.465597
332,Argentina erupts in protest against gender violence after teen murder,Argentina erupts in protest against gender violence after teen murder.,https://www.aljazeera.com/video/newsfeed/2026/6/4/argentina-erupts-in-protest-against-gender-violence-after-teen-murder?traffic_source=rss,Al Jazeera,Inconnu,Show Types,2026-06-04T10:11:31.465597,,,2026-06-04T10:11:31.465597
333,Mehdi Taremi: Irans journey to the 2026 World Cup,Iranian footballer Mehdi Taremi talks to Al Jazeera ahead of one of the most politically charged World Cups in history.,https://www.aljazeera.com/video/game-theory/2026/6/4/mehdi-taremi-irans-journey-to-the-2026-world-cup?traffic_source=rss,Al Jazeera,Inconnu,Sport,2026-06-04T10:11:31.465597,,,2026-06-04T10:11:31.465597
334,Irelands Black community opens up about racism after George Floyd moment,"In the wake of Yves Sakila's death following a violent restraint, many say racism in Ireland is an overlooked scourge.",https://www.aljazeera.com/news/2026/6/4/irelands-black-community-opens-up-about-racism-after-george-floyd-moment?traffic_source=rss,Al Jazeera,Inconnu,News,2026-06-04T10:11:31.465597,,,2026-06-04T10:11:31.465597
335,Israel and Lebanon agree on ceasefire framework in US-led talks,"The US announced an Israel-Lebanon ceasefire framework, but Hezbollah's absence leaves questions over enforcement.",https://www.aljazeera.com/video/newsfeed/2026/6/4/israel-and-lebanon-agree-on-ceasefire-framework-in-us-led-talks?traffic_source=rss,Al Jazeera,Inconnu,Show Types,2026-06-04T10:11:31.465597,,,2026-06-04T10:11:31.465597
336,US House votes to end Trumps Iran war: Does it matter?,Four Republicans join Democrats in rare rebuke of president. But Congress still far from able to stop further attacks.,https://www.aljazeera.com/news/2026/6/4/us-house-votes-to-end-trumps-iran-war-does-it-matter?traffic_source=rss,Al Jazeera,Inconnu,News,2026-06-04T10:11:31.465597,,,2026-06-04T10:11:31.465597
337,Did Germany lose its UNSC seat because of support for Israel?,"Germany lost its Security Council bid to Austria and Portugal, which secured the two available seats.",https://www.aljazeera.com/news/2026/6/4/did-germany-lose-its-unsc-seat-because-of-support-for-israel?traffic_source=rss,Al Jazeera,Inconnu,News,2026-06-04T10:11:31.465597,,,2026-06-04T10:11:31.465597
338,Nepali Mount Everest guide found alive after being missing for six days,"Dawa Sherpa was last seen around May 29 descending the mountain, but while he did not reach base camp, his client did.",https://www.aljazeera.com/news/2026/6/4/nepali-mount-everest-guide-found-alive-after-being-missing-for-six-days?traffic_source=rss,Al Jazeera,Inconnu,News,2026-06-04T10:11:31.466597,,,2026-06-04T10:11:31.466597
339,"Who is Khalilur Rahman, Bangladesh FM who beat Cyprus to UNGA presidency?","Rahman, a career diplomat who held several portfolios at the global body, beats Cypruss Ambassador Andreas Kakouris.",https://www.aljazeera.com/news/2026/6/4/who-is-khalilur-rahman-bangladesh-fm-who-beat-cyprus-to-unga-presidency?traffic_source=rss,Al Jazeera,Inconnu,News,2026-06-04T10:11:31.466597,,,2026-06-04T10:11:31.466597
340,Video: US House of Representatives votes to block further war on Iran,Republican-led US House of Representatives passed a resolution to halt any further push of the war on Iran.,https://www.aljazeera.com/video/newsfeed/2026/6/4/video-us-house-of-representatives-votes-to-block-further-war-on-iran?traffic_source=rss,Al Jazeera,Inconnu,Show Types,2026-06-04T10:11:31.466597,,,2026-06-04T10:11:31.466597
341,World Cup 2026: What are the key dates from the opening match to the final?,"From must-watch games to the grand finale, here's a list of all the important dates on the 2026 World Cup schedule.",https://www.aljazeera.com/sports/2026/6/4/world-cup-2026-what-are-the-key-dates-from-the-opening-match-to-the-final?traffic_source=rss,Al Jazeera,Inconnu,Sport,2026-06-04T10:11:31.466597,,,2026-06-04T10:11:31.466597
342,China bans four New Zealand lawmakers over visit to Taiwan,China says the MPs' visit sends the 'wrong signals' to Taiwan's ruling party.,https://www.aljazeera.com/news/2026/6/4/china-bans-four-new-zealand-lawmakers-over-visit-to-taiwan?traffic_source=rss,Al Jazeera,Inconnu,News,2026-06-04T10:11:31.466597,,,2026-06-04T10:11:31.466597
343,Brunson scores 30 as Knicks upset Spurs in NBA Finals opener,"Led by Jalen Brunson, the New York Knicks steal a road win against the San Antonio Spurs in game one of the NBA Finals.",https://www.aljazeera.com/sports/2026/6/4/brunson-scores-30-as-knicks-upset-spurs-in-nba-finals-opener?traffic_source=rss,Al Jazeera,Inconnu,Sport,2026-06-04T10:11:31.466597,,,2026-06-04T10:11:31.466597
344,Sabalenka mentally off track as French Open exit made her want to quit,World number one Aryna Sabalenka let a two-set lead slip in a French Open quarterfinal defeat by Diana Shnaider.,https://www.aljazeera.com/sports/2026/6/4/sabalenka-mentally-off-track-as-french-open-exit-made-her-want-to-quit?traffic_source=rss,Al Jazeera,Inconnu,Sport,2026-06-04T10:11:31.466597,,,2026-06-04T10:11:31.466597
345,How does football influence who we are?,How does football influence who we are?,https://www.aljazeera.com/video/doha-debates/2026/6/4/how-does-football-influence-who-we-are?traffic_source=rss,Al Jazeera,Inconnu,Show Types,2026-06-04T10:11:31.466597,,,2026-06-04T10:11:31.466597
346,Israel and Lebanon agree to conditional ceasefire,"Deal is made through US-brokered talks in Washington, DC, that did not include Hezbollah.",https://www.aljazeera.com/news/2026/6/4/israel-and-lebanon-agree-to-conditional-ceasefire?traffic_source=rss,Al Jazeera,Inconnu,News,2026-06-04T10:11:31.466597,,,2026-06-04T10:11:31.466597
347,Indonesia arrests officials in crackdown on corruption,Indonesias deputy minister for immigration affairs has been arrested after about 10 hours of questioning.,https://www.aljazeera.com/news/2026/6/4/indonesia-arrests-officials-in-crackdown-on-corruption?traffic_source=rss,Al Jazeera,Inconnu,News,2026-06-04T10:11:31.466597,,,2026-06-04T10:11:31.466597
348,Iran war day 97: Tehran says no progress in talks; Israel attacks Lebanon,Israel carries out drone attacks on Lebanon after agreeing to renew ceasefire as Tehran defends attacks on Gulf nations.,https://www.aljazeera.com/news/2026/6/4/iran-war-day-97-tehran-says-no-progress-in-talks-israel-attacks-lebanon?traffic_source=rss,Al Jazeera,Inconnu,News,2026-06-04T10:11:31.466597,,,2026-06-04T10:11:31.466597
349,What the US-Israel war on Iran will not change in the Middle East,"The war may redraw alliances and shift balances of power, but geography, Palestine and political identity will endure.",https://www.aljazeera.com/opinions/2026/6/4/what-the-us-israel-war-on-iran-will-not-change-in-the-middle-east?traffic_source=rss,Al Jazeera,Inconnu,Opinions,2026-06-04T10:11:31.466597,,,2026-06-04T10:11:31.466597
350,"Gaza is being offered coercion, not reconstruction",Mladenovs plan turns rebuilding from a humanitarian obligation into a weapon of political control.,https://www.aljazeera.com/opinions/2026/6/4/gaza-is-being-offered-coercion-not-reconstruction?traffic_source=rss,Al Jazeera,Inconnu,Opinions,2026-06-04T10:11:31.467597,,,2026-06-04T10:11:31.467597
351,Whats behind the White Houses Alien.gov website?,Whats behind the White Houses Alien.gov website?,https://www.aljazeera.com/video/newsfeed/2026/6/4/whats-behind-the-white-houses-alien-gov-website?traffic_source=rss,Al Jazeera,Inconnu,News,2026-06-04T10:11:31.467597,,,2026-06-04T10:11:31.467597
352,Grim mood in Berlin after Germany loses Security Council bid,"Austria and Portugal have secured seats on the UN's most important body, but Germany has not. This brings a 40-year streak to an end. It's the most severe foreign policy defeat yet for the coalition government.",https://www.dw.com/en/grim-mood-in-berlin-after-germany-loses-security-council-bid/a-77420221?maca=en-rss-en-all-1573-rdf,DW,Inconnu,Germany,2026-06-04T10:11:33.266593,,,2026-06-04T10:11:33.266593
353,Mount Everest: Missing Sherpa found alive after 6 days,A Nepalese Sherpa miraculously survived for nearly a week after going missing on May 29. The missing man was found near Everest base camp.,https://www.dw.com/en/mount-everest-missing-sherpa-found-alive-after-6-days/a-77420418?maca=en-rss-en-all-1573-rdf,DW,Inconnu,News,2026-06-04T10:11:33.266593,,,2026-06-04T10:11:33.266593
354,Tiananmen dissident lambasts China on massacre anniversary,"On the anniversary of the Tiananmen Square massacre, Wu'er Kaixi, who played a leading role during the 1989 protests, spoke to DW about his personal loss and nearly four decades in exile.",https://www.dw.com/en/tiananmen-dissident-lambasts-china-on-massacre-anniversary/a-77420338?maca=en-rss-en-all-1573-rdf,DW,Inconnu,World,2026-06-04T10:11:33.266593,,,2026-06-04T10:11:33.266593
355,Stuck on oil: Can Hawaii power itself?,"Hawaii imports much of its fuel  and pays the price. From solar to geothermal, the state is searching for a way out of fossil fuel dependence.",https://www.dw.com/en/stuck-on-oil-can-hawaii-power-itself/a-76967079?maca=en-rss-en-all-1573-rdf,DW,Inconnu,Environment,2026-06-04T10:11:33.266593,,,2026-06-04T10:11:33.266593
356,"Marjane Satrapi, author of 'Persepolis,' dies at 56",The Iranian-born author of the acclaimed graphic novel and film offered a deeply personal account of Iran's Islamic Revolution.,https://www.dw.com/en/marjane-satrapi-author-of-persepolis-dies-at-56/a-77419269?maca=en-rss-en-all-1573-rdf,DW,Inconnu,Culture,2026-06-04T10:11:33.266593,,,2026-06-04T10:11:33.266593
357,"Germany news: Number of millionaires is growing, study shows",Around 1.78 million people in Germany were classified as high-net-worth individuals or people who have at least $1 million in liquid assets. DW has the latest.,https://www.dw.com/en/germany-news-number-of-millionaires-is-growing-study-shows/live-77416092?maca=en-rss-en-all-1573-rdf,DW,Inconnu,News,2026-06-04T10:11:33.266593,,,2026-06-04T10:11:33.266593
358,100 days of Iran war: Gulf states grapple with security and economic consequences,"The US-Israel war with Iran has forced the Gulf states to reassess long-held assumptions about security, alliances and stability in their region. What does this mean for the future?",https://www.dw.com/en/100-days-of-iran-war-gulf-states-grapple-with-security-and-economic-consequences/a-77393748?maca=en-rss-en-all-1573-rdf,DW,Inconnu,World,2026-06-04T10:11:33.266593,,,2026-06-04T10:11:33.266593
359,$850 million Obama Presidential Center prepares for opening,"The museum dedicated to former US President Barack Obama is set to open on June 19. Spanning 19.3 acres, the campus will house a museum, library, and park.",https://www.dw.com/en/850-million-obama-presidential-center-prepares-for-opening/a-77417923?maca=en-rss-en-all-1573-rdf,DW,Inconnu,News,2026-06-04T10:11:33.266593,,,2026-06-04T10:11:33.266593
360,EU concerns grow over Albania's Trump-linked megaproject,"A huge luxury resort on Albania's protected coast linked to Jared Kushner, son-in-law of US President Donald Trump, is sparking protests, environmental concerns and scrutiny as the country advances toward EU membership.",https://www.dw.com/en/eu-concerns-grow-over-albania-s-trump-linked-megaproject/a-77409540?maca=en-rss-en-all-1573-rdf,DW,Inconnu,World,2026-06-04T10:11:33.266593,,,2026-06-04T10:11:33.266593
361,2026 World Cup: 6 things you need to know,The 2026 World Cup is to be bigger than all of its predecessors. Whether it will be better is an entirely different question. DW fills you in on what you need to know.,https://www.dw.com/en/2026-world-cup-6-things-you-need-to-know/a-77066450?maca=en-rss-en-all-1573-rdf,DW,Inconnu,Sports,2026-06-04T10:11:33.266593,,,2026-06-04T10:11:33.266593
362,China bans 4 New Zealand lawmakers after their Taiwan trip,Beijing says it is barring a group of New Zealand lawmakers from entering China for having visited Taiwan in May. It is the first time such a ban has been imposed on politicians from New Zealand.,https://www.dw.com/en/china-bans-4-new-zealand-lawmakers-after-their-taiwan-trip/a-77416000?maca=en-rss-en-all-1573-rdf,DW,Inconnu,News,2026-06-04T10:11:33.266593,,,2026-06-04T10:11:33.266593
363,Iran war: Even a peace deal won't fix energy crunch,The growing energy and supply chain crisis is unlikely to ease even if the US and Iran step back from the brink. Experts warn that reopening the Strait of Hormuz and repairing infrastructure could take months or years.,https://www.dw.com/en/iran-war-even-a-peace-deal-won-t-fix-energy-crunch/a-77322623?maca=en-rss-en-all-1573-rdf,DW,Inconnu,Business,2026-06-04T10:11:33.266593,,,2026-06-04T10:11:33.266593
364,India news: Delhi orders fire safety crackdown after deadly hotel fire,"Hours after a fire at a New Delhi hotel killed 21 people, the establishment's owner has been arrested. Delhi is also launching a fire safety inspection. DW has the latest.",https://www.dw.com/en/india-news-delhi-orders-fire-safety-crackdown-after-deadly-hotel-fire/live-77415899?maca=en-rss-en-all-1573-rdf,DW,Inconnu,News,2026-06-04T10:11:33.266593,,,2026-06-04T10:11:33.266593
365,Iran war: US House votes to limit Trump's war powers,"US Democrats are sending Trump a ""loud"" message to end the ""deeply unpopular"" Iran war. Meanwhile, a drone strike on Kuwait's airport has killed one person. DW has more.",https://www.dw.com/en/iran-war-us-house-votes-to-limit-trump-s-war-powers/live-77415738?maca=en-rss-en-all-1573-rdf,DW,Inconnu,News,2026-06-04T10:11:33.266593,,,2026-06-04T10:11:33.266593
366,Erin Brockovich: Environmentalist against the data center boom,"Do you know where a data center is due to be constructed in your area? An increasing number of US citizens can answer ""yes""  thanks to a map created by Erin Brockovich. DW explains why people need to know.",https://www.dw.com/en/erin-brockovich-environmentalist-against-the-data-center-boom/a-77413743?maca=en-rss-en-all-1573-rdf,DW,Inconnu,World,2026-06-04T10:11:33.266593,,,2026-06-04T10:11:33.266593
367,Ukraine moves closer to EU accession after Hungary deal,Budapest will likely drop its veto on Kyiv joining the EU after reaching a deal on rights for Ukraine's ethnic Hungarian minority. But it remains opposed to Ukraine's accession being fast-tracked.,https://www.dw.com/en/ukraine-moves-closer-to-eu-accession-after-hungary-deal/a-77414375?maca=en-rss-en-all-1573-rdf,DW,Inconnu,News,2026-06-04T10:11:33.266593,,,2026-06-04T10:11:33.266593
368,Tanzania's president visits Russia amid frayed Western ties,"President Samia Suluhu Hassan is on a three-day visit to Russia, traveling with a business delegation. Relations with Western nations have cratered in recent months amid criticism of Tanzania's handling of dissent.",https://www.dw.com/en/tanzania-s-president-visits-russia-amid-frayed-western-ties/a-77404375?maca=en-rss-en-all-1573-rdf,DW,Inconnu,World,2026-06-04T10:11:33.266593,,,2026-06-04T10:11:33.266593
369,Germany sees record number of discrimination claims in 2025,"The federal commissioner for anti-discrimination has said the government's reform plans, the first in 20 years, are inadequate and won't provide the resources and funding needed to combat discrimination.",https://www.dw.com/en/germany-sees-record-number-of-discrimination-claims-in-2025/a-77410391?maca=en-rss-en-all-1573-rdf,DW,Inconnu,Germany,2026-06-04T10:11:33.279883,,,2026-06-04T10:11:33.279883
370,North Korea unveils nuclear weapons fuel production plant,"Kim Jong Un called for North Korea's capacity to produce weapons-grade uranium to grow at an ""exponential rate.""",https://www.dw.com/en/north-korea-unveils-nuclear-weapons-fuel-production-plant/a-77414339?maca=en-rss-en-all-1573-rdf,DW,Inconnu,News,2026-06-04T10:11:33.279883,,,2026-06-04T10:11:33.279883
371,"Israel, Lebanon renew ceasefire after US-brokered talks",The agreement comes as hostilities between Israel and Lebanese militants Hezbollah have intensified in recent weeks. It is unclear if the renewed truce will affect stalled talks between the US and Iran. DW has more.,https://www.dw.com/en/israel-lebanon-renew-ceasefire-after-us-brokered-talks/live-77398874?maca=en-rss-en-all-1573-rdf,DW,Inconnu,News,2026-06-04T10:11:33.279883,,,2026-06-04T10:11:33.279883
372,Wim Wenders withdraws film with disputed child nude scene,"Actress Nastassja Kinski spent years calling for the removal of a sexualized scene from Wim Wenders' film ""The Wrong Move,"" in which she appeared topless at the age of 13.",https://www.dw.com/en/wim-wenders-withdraws-film-with-disputed-child-nude-scene/a-77390951?maca=en-rss-en-all-1573-rdf,DW,Inconnu,Culture,2026-06-04T10:11:33.279883,,,2026-06-04T10:11:33.279883
373,Google mosquito army: Scientists say 'we must take action',Google's Debug research program plans to release millions of sterile mosquitoes to fight species that spread diseases like dengue. How does the method work  and should humans interfere with nature like this?,https://www.dw.com/en/google-mosquito-army-scientists-say-we-must-take-action/a-77390494?maca=en-rss-en-all-1573-rdf,DW,Inconnu,Science,2026-06-04T10:11:33.279883,,,2026-06-04T10:11:33.280930
374,Saudi Arabia and Russia draw closer amid OPEC upheaval,"As Saudi Arabia and Russia deepen cooperation, their combined influence over global oil supply is growing. Could this shift the balance of power in energy markets?",https://www.dw.com/en/saudi-arabia-and-russia-draw-closer-amid-opec-upheaval/a-77387950?maca=en-rss-en-all-1573-rdf,DW,Inconnu,Business,2026-06-04T10:11:33.280930,,,2026-06-04T10:11:33.280930
375,"Backrooms: The creepy internet phenomenon, explained",A low-budget horror film directed by a 20-year-old YouTuber is beating the new Star Wars movie at the box office. Behind its success is an entire viral online maze.,https://www.dw.com/en/backrooms-the-creepy-internet-phenomenon-explained/a-77404540?maca=en-rss-en-all-1573-rdf,DW,Inconnu,Culture,2026-06-04T10:11:33.280930,,,2026-06-04T10:11:33.280930
376,Portugal: General strike causes disruption to services,Flights have been canceled and schools closed as unions stage a strike over government labor reform plans. It is the second major walkout in Portugal in six months.,https://www.dw.com/en/portugal-general-strike-causes-disruption-to-services/a-77402190?maca=en-rss-en-all-1573-rdf,DW,Inconnu,News,2026-06-04T10:11:33.281479,,,2026-06-04T10:11:33.281479
377,Who owns the billions in Germany's dormant bank accounts?,"Billions of euros sit untouched in dormant bank accounts in Germany. With heirs unaware and no central register in place, banks and politicians are debating who should ultimately control the money.",https://www.dw.com/en/who-owns-the-billions-in-germany-s-dormant-bank-accounts/a-77167930?maca=en-rss-en-all-1573-rdf,DW,Inconnu,Business,2026-06-04T10:11:33.281479,,,2026-06-04T10:11:33.281479
378,Armenia's election offers a choice between Russia and EU,"Armenians are set to vote on the country's future geopolitical direction on June 7. The election will be a test of public opinion in the long-standing Russia ally, where the population is increasingly eyeing the EU.",https://www.dw.com/en/armenia-s-election-offers-a-choice-between-russia-and-eu/a-77400608?maca=en-rss-en-all-1573-rdf,DW,Inconnu,World,2026-06-04T10:11:33.281925,,,2026-06-04T10:11:33.281925
379,UK: Protest erupts over student murder,Protesters have clashed with police in Southampton over the December murder of finance student Henry Nowak. The fatally injured victim was handcuffed by police after his killer accused him of racist abuse.,https://www.dw.com/en/uk-protest-erupts-over-student-murder/a-77399817?maca=en-rss-en-all-1573-rdf,DW,Inconnu,News,2026-06-04T10:11:33.281925,,,2026-06-04T10:11:33.281925
380,Germany: Cologne Cathedral to charge tourists 12 for entry,"Cologne Cathedral has laid out plans to charge tourist visitors, starting in July. They will be asked to pay 12 each, to help cover maintenance costs. It still plans to keep a small free area available for worshippers.",https://www.dw.com/en/germany-cologne-cathedral-to-charge-tourists-€12-for-entry/a-77396216?maca=en-rss-en-all-1573-rdf,DW,Inconnu,News,2026-06-04T10:11:33.281925,,,2026-06-04T10:11:33.281925
381,Kosovo general election: the cost of political polarization,"Sunday's election in Kosovo  the third in under 16 months  is marked by a clash between former allies PM Albin Kurti and ex-President Vjosa Osmani, deadlock in the dialogue with Serbia and obstacles to EU integration.",https://www.dw.com/en/kosovo-general-election-the-cost-of-political-polarization/a-77390725?maca=en-rss-en-all-1573-rdf,DW,Inconnu,World,2026-06-04T10:11:33.282998,,,2026-06-04T10:11:33.282998
382,Unpacking Germany's campaign for a UN Security Council seat,"On Wednesday, the United Nations will hold elections for several seats on the UN Security Council. Germany's government is campaigning vigorously for a seat.",https://www.dw.com/en/unpacking-germany-s-campaign-for-a-un-security-council-seat/a-77386458?maca=en-rss-en-all-1573-rdf,DW,Inconnu,Germany,2026-06-04T10:11:33.282998,,,2026-06-04T10:11:33.282998
383,Legendary warrior women: The history of the Amazons,They're said to have cut off their breasts to better draw their bows and even to have killed their male offspring. What is the history behind the myths surrounding the Amazons?,https://www.dw.com/en/legendary-warrior-women-the-history-of-the-amazons/a-77385284?maca=en-rss-en-all-1573-rdf,DW,Inconnu,Culture,2026-06-04T10:11:33.283583,,,2026-06-04T10:11:33.283583
384,Ethiopia goes electric following gas car ban,Electric vehicles have taken off in Ethiopia. Key to the shift: a world-first ban on importing fossil fuel-powered vehicles.,https://www.dw.com/en/ethiopia-goes-electric-following-gas-car-ban/a-77350158?maca=en-rss-en-all-1573-rdf,DW,Inconnu,Environment,2026-06-04T10:11:33.283583,,,2026-06-04T10:11:33.283583
385,Refugees and migration: Is Europe closing its doors?,Migration researchers have called on European governments to abandon isolationist policies. But many politicians are not heeding their calls.,https://www.dw.com/en/refugees-and-migration-is-europe-closing-its-doors/a-77380290?maca=en-rss-en-all-1573-rdf,DW,Inconnu,World,2026-06-04T10:11:33.283974,,,2026-06-04T10:11:33.283974
386,UK wins court case over canceled plan to deport asylum seekers to Rwanda,An international court has rejected a Rwandan claim for millions in damages over a scrapped deal to send asylum seekers to the East African nation.,https://www.dw.com/en/uk-wins-court-case-over-canceled-plan-to-deport-asylum-seekers-to-rwanda/a-77379092?maca=en-rss-en-all-1573-rdf,DW,Inconnu,News,2026-06-04T10:11:33.283974,,,2026-06-04T10:11:33.283974
387,Is 'nation-hopping' ruining German youth football?,Many young German footballers are choosing other countries over Germany. DFB Director Andreas Rettig is aiming to change this and is calling for a compensation fee.,https://www.dw.com/en/is-nation-hopping-ruining-german-youth-football/a-77378920?maca=en-rss-en-all-1573-rdf,DW,Inconnu,Sports,2026-06-04T10:11:33.283974,,,2026-06-04T10:11:33.283974
388,Mozart the idol: Searching for beauty in times of crisis,"Mozart's music evokes lightness and beauty. In times of war and destruction, people often invoke the ideals of the classical era. But is this just an escape from reality? The Mozartfest Wurzburg offers different answers.",https://www.dw.com/en/mozart-the-idol-searching-for-beauty-in-times-of-crisis/a-77374393?maca=en-rss-en-all-1573-rdf,DW,Inconnu,Culture,2026-06-04T10:11:33.283974,,,2026-06-04T10:11:33.283974
389,How China keeps North Korea's economy alive,"Pyongyang relies on China for 95% of its legitimate trade; hacking, arms deals and remittances also help it stay afloat.",https://www.dw.com/en/how-china-keeps-north-korea-s-economy-alive/a-77295494?maca=en-rss-en-all-1573-rdf,DW,Inconnu,Business,2026-06-04T10:11:33.283974,,,2026-06-04T10:11:33.283974
390,Young German talents impress in World Cup tune-up vs Finland,Deniz Undav and Lennart Karl delivered strong performances in Germany's last game at home before the start of 2026 FIFA World Cup.,https://www.dw.com/en/young-german-talents-impress-in-world-cup-tune-up-vs-finland/a-77371601?maca=en-rss-en-all-1573-rdf,DW,Inconnu,Sports,2026-06-04T10:11:33.283974,,,2026-06-04T10:11:33.283974
391,German town prints its own cash to cut CO2 emissions,"It started as a school project to promote local businesses in a remote Bavarian region. Now, the ""Chiemgauer"" currency helps to cut emissions.",https://www.dw.com/en/german-town-prints-its-own-cash-to-cut-co2-emissions/a-77167075?maca=en-rss-en-all-1573-rdf,DW,Inconnu,Environment,2026-06-04T10:11:33.283974,,,2026-06-04T10:11:33.283974
392,DNA had one rule. Bacteria didn't get the memo,Every cell in every organism on Earth copies DNA the same way. Except one bacterial protein  quietly doing something scientists had never seen before.,https://www.dw.com/en/dna-had-one-rule-bacteria-didn-t-get-the-memo/a-77341009?maca=en-rss-en-all-1573-rdf,DW,Inconnu,Science,2026-06-04T10:11:33.283974,,,2026-06-04T10:11:33.283974
393,Germany news: Most expect AfD state premier after elections,"Most people in Germany expect a premier from the far-right AfD to lead at least one state after elections in the autumn, a survey has found. The Brenner Pass linking Austria and Italy has reopened.",https://www.dw.com/en/germany-news-most-expect-afd-state-premier-after-elections/live-77353393?maca=en-rss-en-all-1573-rdf,DW,Inconnu,News,2026-06-04T10:11:33.283974,,,2026-06-04T10:11:33.283974
394,How the Alevi community came to thrive in Germany,The Alevis make up the fourth largest religious community in Germany today. What are the main tenets of their faith? And how are they preserving their unique culture?,https://www.dw.com/en/how-the-alevi-community-came-to-thrive-in-germany/a-77337130?maca=en-rss-en-all-1573-rdf,DW,Inconnu,Germany,2026-06-04T10:11:33.283974,,,2026-06-04T10:11:33.283974
395,Space race: Why Portugal is reaching for the stars,A spaceport is being built on a small Portuguese island in the Atlantic. Is Portugal on the verge of becoming a space nation?,https://www.dw.com/en/space-race-why-portugal-is-reaching-for-the-stars/a-77303795?maca=en-rss-en-all-1573-rdf,DW,Inconnu,World,2026-06-04T10:11:33.283974,,,2026-06-04T10:11:33.283974
396,"Swing Youth: In Nazi Germany, jazz was an act of defiance","The Nazis denounced jazz music as ""degenerate art,"" despite its widespread popularity in Germany. As the Nazis clamped down on expression, groups of jazz-loving teenagers formed the Swing Youth to rebel.",https://www.dw.com/en/swing-youth-in-nazi-germany-jazz-was-an-act-of-defiance/a-77143547?maca=en-rss-en-all-1573-rdf,DW,Inconnu,Culture,2026-06-04T10:11:33.283974,,,2026-06-04T10:11:33.283974
397,"Goodbye, Norma Jeane: How Marilyn Monroe changed Hollywood","Long seen primarily as a sex symbol, Marilyn Monroe is now viewed as an early advocate for women in Hollywood. On the 100th anniversary of her birth, DW looks at the star who balanced fame and feminist agency.",https://www.dw.com/en/goodbye-norma-jeane-how-marilyn-monroe-changed-hollywood/a-77342887?maca=en-rss-en-all-1573-rdf,DW,Inconnu,Culture,2026-06-04T10:11:33.283974,,,2026-06-04T10:11:33.283974
398,Ukraine: IAEA seeks access to Zaporizhzhia nuclear plant after reported drone strike,Russia claims that a Ukrainian drone struck the Zaporizhzhia nuclear plant. Ukraine has denied the accusation. The International Atomic Energy Agency has sought to examine the facility.,https://www.dw.com/en/ukraine-iaea-seeks-access-to-zaporizhzhia-nuclear-plant-after-reported-drone-strike/a-77361296?maca=en-rss-en-all-1573-rdf,DW,Inconnu,News,2026-06-04T10:11:33.283974,,,2026-06-04T10:11:33.283974
399,PSG's team of talents retain Champions League title,Paris Saint-Germain were unable to score from open play against a resilient Arsenal but won their second successive title on penalties. Luis Enrique has built a team to be proud of at the oil-rich club.,https://www.dw.com/en/psg-s-team-of-talents-retain-champions-league-title/a-77360206?maca=en-rss-en-all-1573-rdf,DW,Inconnu,Sports,2026-06-04T10:11:33.283974,,,2026-06-04T10:11:33.283974
400,Film funding bill to support blockbusters made in Germany,"The German government wants to attract more filmmakers and make the country a ""global player"" in on-screen entertainment. A new bill would require media companies to make mandatory investments in the film industry.",https://www.dw.com/en/film-funding-bill-to-support-blockbusters-made-in-germany/a-77346783?maca=en-rss-en-all-1573-rdf,DW,Inconnu,Germany,2026-06-04T10:11:33.283974,,,2026-06-04T10:11:33.283974
401,Germany: Vaping becoming more popular among young people,"A recent study shows that e-cigarettes are becoming increasingly popular among young people in Germany, with even elementary school kids picking up vapes. Health experts are alarmed.",https://www.dw.com/en/germany-vaping-becoming-more-popular-among-young-people/a-77340236?maca=en-rss-en-all-1573-rdf,DW,Inconnu,Germany,2026-06-04T10:11:33.283974,,,2026-06-04T10:11:33.283974
402,What Hungary must do to receive EU funds frozen under Orban,"Prime Minister Peter Magyar and European Commission President Ursula von der Leyen announced a deal that could free up over 16 billion in EU funds for Hungary. Now, Magyar's new government needs to deliver.",https://www.dw.com/en/what-hungary-must-do-to-receive-eu-funds-frozen-under-orban/a-77354206?maca=en-rss-en-all-1573-rdf,DW,Inconnu,World,2026-06-04T10:11:33.283974,,,2026-06-04T10:11:33.283974
403,Russia recalls Armenia ambassador over EU ties,"The recall comes a day after Putin warned Armenia against seeking EU membership and alluded to the ""Ukrainian scenario."" Armenia historically has strong ties with Russia but has pivoted toward the West in recent years.",https://www.dw.com/en/russia-recalls-armenia-ambassador-over-eu-ties/a-77354081?maca=en-rss-en-all-1573-rdf,DW,Inconnu,News,2026-06-04T10:11:33.283974,,,2026-06-04T10:11:33.283974
404,Malta votes in snap parliamentary election,Voting is underway in Malta's parliamentary election. Opinion polls show Prime Minister Robert Abela on course for reelection in the shadow of the Middle East crisis.,https://www.dw.com/en/malta-votes-in-snap-parliamentary-election/a-77353620?maca=en-rss-en-all-1573-rdf,DW,Inconnu,News,2026-06-04T10:11:33.283974,,,2026-06-04T10:11:33.283974
405,International aid cuts complicate Congo's Ebola epidemic,The scaling back of development aid has contributed to the inability to contain the Ebola outbreak in the Democratic Republic of Congo. German organizations are calling for a major spending boost to help stop the spread.,https://www.dw.com/en/international-aid-cuts-complicate-congo-s-ebola-epidemic/a-77320865?maca=en-rss-en-all-1573-rdf,DW,Inconnu,Science,2026-06-04T10:11:33.283974,,,2026-06-04T10:11:33.283974
406,Romania's political crisis deepens,"After Prime Minister Ilie Bolojans government fell in early May, Romania's moderate parties have struggled to chart a new course  opening the door for the far right to gain ground.",https://www.dw.com/en/romania-s-political-crisis-deepens/a-77351943?maca=en-rss-en-all-1573-rdf,DW,Inconnu,World,2026-06-04T10:11:33.283974,,,2026-06-04T10:11:33.283974
407,EU unblocks 16 billion in Hungary assistance as Magyar promises reforms,Reforms under new Prime Minister Peter Magyar will enable the EU to free up billions in frozen assistance for Budapest. The EU's Ursula von der Leyen announced the news as Magyar visited Brussels.,https://www.dw.com/en/eu-unblocks-€16-billion-in-hungary-assistance-as-magyar-promises-reforms/a-77349350?maca=en-rss-en-all-1573-rdf,DW,Inconnu,News,2026-06-04T10:11:33.283974,,,2026-06-04T10:11:33.283974
408,What makes a vanity project? A history of building for power,"As Donald Trump proposes costly redesigns for Washington, DC, the question arises: When do grand projects serve the public  and when do they serve the leader?",https://www.dw.com/en/what-makes-a-vanity-project-a-history-of-building-for-power/a-77262996?maca=en-rss-en-all-1573-rdf,DW,Inconnu,Culture,2026-06-04T10:11:33.283974,,,2026-06-04T10:11:33.283974
409,Kai Havertz: Arsenal and Germany's man for the big moment,Germany forward Kai Havertz is set to play in his second Champions League final. The Arsenal man is a match winner.,https://www.dw.com/en/kai-havertz-arsenal-and-germany-s-man-for-the-big-moment/a-77308660?maca=en-rss-en-all-1573-rdf,DW,Inconnu,Sports,2026-06-04T10:11:33.283974,,,2026-06-04T10:11:33.283974
410,Germany deepens Taiwan ties amid China tensions,"A German delegation, known as the Berlin-Taipei Parliamentary Friendship Group, recently visited Taiwan, drawing criticism from Beijing. Two lawmakers told DW the visit was important for expanding economic partnerships.",https://www.dw.com/en/germany-deepens-taiwan-ties-amid-china-tensions/a-77344690?maca=en-rss-en-all-1573-rdf,DW,Inconnu,World,2026-06-04T10:11:33.283974,,,2026-06-04T10:11:33.283974
411,"Pigeons' livers may enable magnetic navigation when the sun doesn't shine, study finds","A research team in Germany has published new data on how pigeons use magnetic fields as a navigation method when visibility is limited. A key part of the long-sought answer could lie in an unexpected organ, their livers.",https://www.dw.com/en/pigeons-livers-may-enable-magnetic-navigation-when-the-sun-doesn-t-shine-study-finds/a-77341403?maca=en-rss-en-all-1573-rdf,DW,Inconnu,News,2026-06-04T10:11:33.283974,,,2026-06-04T10:11:33.283974
412,The Superbug spill: When medicine goes rogue,"Pharmaceuticals have been found in waterways almost everywhere in the world, fueling antibiotic-resistant superbugs that no longer respond to treatment. Is there a way out?",https://www.dw.com/en/the-superbug-spill-when-medicine-goes-rogue/a-77172236?maca=en-rss-en-all-1573-rdf,DW,Inconnu,Environment,2026-06-04T10:11:33.283974,,,2026-06-04T10:11:33.283974
413,France moves to symbolically repeal slavery legislation,"Members of the lower house of the French parliament unanimously voted to abolish a series of royal edicts known as the ""Code noir"" or Black Code. The bill stops short of some lawmakers' demands like possible reparations.",https://www.dw.com/en/france-moves-to-symbolically-repeal-slavery-legislation/a-77332888?maca=en-rss-en-all-1573-rdf,DW,Inconnu,News,2026-06-04T10:11:33.283974,,,2026-06-04T10:11:33.283974
414,"Suez, Panama canals charge for transit  why can't Hormuz?","Iran has been widely condemned for demanding up to $2 million for vessels to ship through the Strait of Hormuz. DW explores the reasons why Egypt can charge for the Suez Canal and Panama for its waterway, but Iran can't.",https://www.dw.com/en/suez-panama-canals-charge-for-transit-why-can-t-hormuz/a-77325707?maca=en-rss-en-all-1573-rdf,DW,Inconnu,Business,2026-06-04T10:11:33.283974,,,2026-06-04T10:11:33.283974
415,Reiche brings energy sector ties to German Economy Ministry,"Economy Minister Reiche is a controversial figure. Her plans for new gas-fired power plants, rolling back plans for more renewables in the building sector and scrapping solar subsidies have been met with criticism.",https://www.dw.com/en/reiche-brings-energy-sector-ties-to-german-economy-ministry/a-77334326?maca=en-rss-en-all-1573-rdf,DW,Inconnu,Germany,2026-06-04T10:11:33.283974,,,2026-06-04T10:11:33.283974
416,UK re-chalks Dorset's famed and feisty Cerne Abbas Giant,"Britain's National Trust is working on replacing the chalk outline of the Cerne Abbas Giant in Dorset. The Saxon-era carving depicts a club-wielding man ""still standing tall,"" as the charity puts it.",https://www.dw.com/en/uk-re-chalks-dorset-s-famed-and-feisty-cerne-abbas-giant/a-77329497?maca=en-rss-en-all-1573-rdf,DW,Inconnu,News,2026-06-04T10:11:33.283974,,,2026-06-04T10:11:33.283974
417,Why Europe is getting so hot,Europe is sweltering under extreme heat that has broken records and claimed lives. Why is the continent heating so fast?,https://www.dw.com/en/why-europe-is-getting-so-hot/a-77320871?maca=en-rss-en-all-1573-rdf,DW,Inconnu,World,2026-06-04T10:11:33.283974,,,2026-06-04T10:11:33.283974
418,New Ebola cases in Congo: What you need to know,"The virus spreads from direct person-to-person contact. But here's what makes it especially lethal: it persists in corpses, and funeral practices often take place precisely when bodies are most infectious.",https://www.dw.com/en/new-ebola-cases-in-congo-what-you-need-to-know/a-77325922?maca=en-rss-en-all-1573-rdf,DW,Inconnu,Science,2026-06-04T10:11:33.283974,,,2026-06-04T10:11:33.283974
419,Iran war: Oil shortages threaten global energy security,Strategic petroleum reserves are declining rapidly as countries release emergency crude supplies to cushion the economic impact of the Middle East conflict.,https://www.dw.com/en/iran-war-oil-shortages-threaten-global-energy-security/a-77313462?maca=en-rss-en-all-1573-rdf,DW,Inconnu,Business,2026-06-04T10:11:33.283974,,,2026-06-04T10:11:33.283974
420,FIFA World Cup: New York and New Jersey prosecutors probe 'sky-high' ticket prices,"US prosecutors have subpoenaed FIFA over expensive World Cup tickets, saying the event is ""not an invitation to exploit our residents and visitors.""",https://www.dw.com/en/fifa-world-cup-new-york-and-new-jersey-prosecutors-probe-sky-high-ticket-prices/a-77319846?maca=en-rss-en-all-1573-rdf,DW,Inconnu,News,2026-06-04T10:11:33.288753,,,2026-06-04T10:11:33.288753
421,Germany: No recovery in sight for the economy,The war in Iran has dashed hopes for economic growth. Germany's pension and healthcare systems are also feeling the strain.,https://www.dw.com/en/germany-no-recovery-in-sight-for-the-economy/a-77319954?maca=en-rss-en-all-1573-rdf,DW,Inconnu,Germany,2026-06-04T10:11:33.288753,,,2026-06-04T10:11:33.288753
422,EU enlargement: Is the bloc ready to welcome new members?,"Brussels says the EU must grow, but resistance within the bloc remains strong, with some arguing that it must reform before enlarging. Montenegro remains the only country with a realistic chance of joining soon.",https://www.dw.com/en/eu-enlargement-is-the-bloc-ready-to-welcome-new-members/a-77319025?maca=en-rss-en-all-1573-rdf,DW,Inconnu,World,2026-06-04T10:11:33.288753,,,2026-06-04T10:11:33.288753
423,Turkey: Leadership dispute engulfs opposition CHP,"The top figures in Turkey's main opposition party differ on how to resolve the leadership vacuum after a court annulled its 2023 primary. One wants the party delegates to pick a leader, the other wants members to vote.",https://www.dw.com/en/turkey-leadership-dispute-engulfs-opposition-chp/a-77317144?maca=en-rss-en-all-1573-rdf,DW,Inconnu,News,2026-06-04T10:11:33.288753,,,2026-06-04T10:11:33.288753
424,Europe's energy problem isn't green power  it's storage,"Solar and wind produce lots of energy  but not always at the right time. More battery storage could help Europe to stabilize prices and replace polluting fossil fuel energy, but roadblocks remain.",https://www.dw.com/en/europe-s-energy-problem-isn-t-green-power-it-s-storage/a-77302218?maca=en-rss-en-all-1573-rdf,DW,Inconnu,Environment,2026-06-04T10:11:33.288753,,,2026-06-04T10:11:33.288753
425,Germany eyes heat pumps as Iran war drives energy costs up,The war in the Middle East is threatening fossil fuel supplies and causing energy prices to rise in Germany. Could that drive a surge in demand for heat pumps?,https://www.dw.com/en/germany-eyes-heat-pumps-as-iran-war-drives-energy-costs-up/a-77310083?maca=en-rss-en-all-1573-rdf,DW,Inconnu,Business,2026-06-04T10:11:33.288753,,,2026-06-04T10:11:33.288753
426,Spain: Police raid HQ of ruling PSOE Socialist party in graft probe,Police have searched the headquarters of Prime Minister Pedro Sanchez's PSOE party investigating possible illegal payments. Sanchez meanwhile said he was still standing by former PM Jose Luis Rodriguez Zapatero.,https://www.dw.com/en/spain-police-raid-hq-of-ruling-psoe-socialist-party-in-graft-probe/a-77312442?maca=en-rss-en-all-1573-rdf,DW,Inconnu,News,2026-06-04T10:11:33.288753,,,2026-06-04T10:11:33.288753
427,License to play: The new James Bond video game,"James Bond is back, and he's as charismatic and daring as ever. The video game ""007 First Light"" tells the origin story of the British secret agent  and the stakes are high.",https://www.dw.com/en/license-to-play-the-new-james-bond-video-game/a-77302275?maca=en-rss-en-all-1573-rdf,DW,Inconnu,Culture,2026-06-04T10:11:33.288753,,,2026-06-04T10:11:33.288753
428,Germany: Alleged leftist militant found guilty of robbery,"Daniela Klette, suspected to be one of the last remaining members of the left-wing terrorist group Red Army Faction, has been found guilty for her part in a series of robberies  but more serious charges await.",https://www.dw.com/en/germany-alleged-leftist-militant-found-guilty-of-robbery/a-77296279?maca=en-rss-en-all-1573-rdf,DW,Inconnu,Germany,2026-06-04T10:11:33.288753,,,2026-06-04T10:11:33.288753
429,The German gym fighting the far right with MMA,"The far right is increasingly using MMA to recruit new members. But a gym in Chemnitz, in the east of Germany, is fighting back with a martial arts program focused on diversity and empowerment.",https://www.dw.com/en/the-german-gym-fighting-the-far-right-with-mma/a-77291434?maca=en-rss-en-all-1573-rdf,DW,Inconnu,Sports,2026-06-04T10:11:33.288753,,,2026-06-04T10:11:33.288753
430,How did Berlin's Jewish Hospital and hundreds of its patients survive the Holocaust?,"When Red Army troops entered Berlin's Jewish Hospital in 1945, they were astonished to discover hundreds of Jews living just a couple of miles away from Hitler's bunker.",https://www.dw.com/en/how-did-berlin-s-jewish-hospital-and-hundreds-of-its-patients-survive-the-holocaust/a-77283508?maca=en-rss-en-all-1573-rdf,DW,Inconnu,Germany,2026-06-04T10:11:33.288753,,,2026-06-04T10:11:33.288753
431,"Ukraine: EU, Germany summon Russian envoys after Moscow tells diplomats to leave Kyiv",The EU and Germany both summoned Russian diplomats to protest attacks on Kyiv and orders for diplomats to leave the city. The UN secretary-general also rebuked Russia in a session on proliferating conflicts worldwide.,https://www.dw.com/en/ukraine-eu-germany-summon-russian-envoys-after-moscow-tells-diplomats-to-leave-kyiv/a-77300543?maca=en-rss-en-all-1573-rdf,DW,Inconnu,News,2026-06-04T10:11:33.288753,,,2026-06-04T10:11:33.288753
432,"Ferrari unveils its first all-electric car, the 4-door Luce","The Italian supercar giant has released images of what will be both its first ever pure EV, and its first car that can seat five people. The Luce eyes a younger clientele and the increasingly competitive Chinese market.",https://www.dw.com/en/ferrari-unveils-its-first-all-electric-car-the-4-door-luce/a-77297459?maca=en-rss-en-all-1573-rdf,DW,Inconnu,News,2026-06-04T10:11:33.288753,,,2026-06-04T10:11:33.288753
433,The wind boom Trump couldn't stop,"Even with fierce opposition, offshore wind projects are multiplying along US coasts  signaling a massive shift in energy.",https://www.dw.com/en/the-wind-boom-trump-couldn-t-stop/a-77248308?maca=en-rss-en-all-1573-rdf,DW,Inconnu,Environment,2026-06-04T10:11:33.288753,,,2026-06-04T10:11:33.288753
434,Berlin Hauptbahnhof at 20: A rail hub with symbolic power,"Berlin's central station was inaugurated in May 2006. Beyond its functionality, the modern glass-and-steel structure was built to play a key role in reunified Germany.",https://www.dw.com/en/berlin-hauptbahnhof-at-20-a-rail-hub-with-symbolic-power/a-77248293?maca=en-rss-en-all-1573-rdf,DW,Inconnu,Culture,2026-06-04T10:11:33.288753,,,2026-06-04T10:11:33.288753
435,Will SpaceX's IPO fund life on Mars  and a trillionaire?,"SpaceX is launching history's biggest public listing, propelling Elon Musk's wealth into the stratosphere. DW explores whether the firm's out-of-this-world ambitions are truly cosmic or another black hole for investors.",https://www.dw.com/en/will-spacex-s-ipo-fund-life-on-mars-and-a-trillionaire/a-77236838?maca=en-rss-en-all-1573-rdf,DW,Inconnu,Business,2026-06-04T10:11:33.288753,,,2026-06-04T10:11:33.288753
436,"Germany news: More than 1,900 missing children","Authorities say there are 1,933 missing children cases nationwide, up 6.8% from the year before. And, travellers in Germany seem nervous when it comes to air travel, amid the war in Iran, a survey suggests.",https://www.dw.com/en/germany-news-more-than-1-900-missing-children/live-77272115?maca=en-rss-en-all-1573-rdf,DW,Inconnu,News,2026-06-04T10:11:33.288753,,,2026-06-04T10:11:33.288753
437,Germany's Dr. Wolff cosmetics company is going all in on AI,"This medium-sized, family-run business has embraced artificial intelligence to stay competitive. All employees are encouraged to learn about and apply LLMs.",https://www.dw.com/en/germany-s-dr-wolff-cosmetics-company-is-going-all-in-on-ai/a-77268215?maca=en-rss-en-all-1573-rdf,DW,Inconnu,Germany,2026-06-04T10:11:33.288753,,,2026-06-04T10:11:33.288753
438,Blinded by the light pollution: Cities seek to restore night,"Artificial lights are blotting out the moon and stars, harming human health, and disrupting the natural world. Why is this a problem? And how can we stop it without sitting in the dark?",https://www.dw.com/en/blinded-by-the-light-pollution-cities-seek-to-restore-night/a-77279415?maca=en-rss-en-all-1573-rdf,DW,Inconnu,Environment,2026-06-04T10:11:33.288753,,,2026-06-04T10:11:33.288753
439,Germany plans to address growing use of date-rape drugs,Germany's justice minister is seeking harsher penalties for the use of date-rape drugs in sexual assaults. But victims say more needs to be done about a growing problem.,https://www.dw.com/en/germany-plans-to-address-growing-use-of-date-rape-drugs/a-77261733?maca=en-rss-en-all-1573-rdf,DW,Inconnu,Germany,2026-06-04T10:11:33.288753,,,2026-06-04T10:11:33.288753
440,Enhanced Games: Why 'crippling injuries' are the least of it,"Doping in sports is nothing new. Athletes at the Enhanced Games will know the risks  severe injury, even paralysis. But bioethicists are also concerned we're opening the gates to altering our fundamental human biology.",https://www.dw.com/en/enhanced-games-why-crippling-injuries-are-the-least-of-it/a-77248463?maca=en-rss-en-all-1573-rdf,DW,Inconnu,Science,2026-06-04T10:11:33.288753,,,2026-06-04T10:11:33.288753
441,What is Pentecost?,"People new to Germany are often surprised by the number of public holidays in the spring. Pentecost is one of them, but its significance is not well-known.",https://www.dw.com/en/what-is-pentecost/a-77213765?maca=en-rss-en-all-1573-rdf,DW,Inconnu,Culture,2026-06-04T10:11:33.288753,,,2026-06-04T10:11:33.288753
442,Germany: Record numbers take German passport in 2025,"A record number of people received a German passport in 2025, a media report says. Numbers have been rising since Germany changed citizenship requirements in 2024.",https://www.dw.com/en/germany-record-numbers-take-german-passport-in-2025/a-77271372?maca=en-rss-en-all-1573-rdf,DW,Inconnu,News,2026-06-04T10:11:33.288753,,,2026-06-04T10:11:33.288753
443,Germany's 'rapid militarization' threatens basic rights,"Ten human rights organizations say security interests are increasingly being prioritized over fundamental rights in Germany. The scathing criticism was presented in their ""2026 Fundamental Rights Report.""",https://www.dw.com/en/germany-s-rapid-militarization-threatens-basic-rights/a-77265460?maca=en-rss-en-all-1573-rdf,DW,Inconnu,Germany,2026-06-04T10:11:33.288753,,,2026-06-04T10:11:33.288753
444,Kevin Warsh: Trump ally at the Federal Reserve?,"Never before has a chair of the US Federal Reserve been so controversial. Who is Kevin Warsh? Can he preserve the Fed's independence, or will he become Donald Trump's puppet?",https://www.dw.com/en/kevin-warsh-trump-ally-at-the-federal-reserve/a-77248236?maca=en-rss-en-all-1573-rdf,DW,Inconnu,Business,2026-06-04T10:11:33.291380,,,2026-06-04T10:11:33.291380
445,US or Iran: Who will win the Hormuz endurance game?,"Tehran is betting that its sanctionshardened economy can outlast the Strait of Hormuz crisis. Washington, meanwhile, is contending with elevated oil prices, renewed inflation pressure and rising global recession risks.",https://www.dw.com/en/us-or-iran-who-will-win-the-hormuz-endurance-game/a-77211690?maca=en-rss-en-all-1573-rdf,DW,Inconnu,Business,2026-06-04T10:11:33.291380,,,2026-06-04T10:11:33.291380
446,The dying dream of the dead to be at peace with life,Many people have vivid dreams shortly before death. Research suggests the dreams are not a sign of confusion  but may help both the dying and their loved ones make sense of loss.,https://www.dw.com/en/the-dying-dream-of-the-dead-to-be-at-peace-with-life/a-77197682?maca=en-rss-en-all-1573-rdf,DW,Inconnu,Science,2026-06-04T10:11:33.291380,,,2026-06-04T10:11:33.291380
447,How the Cannes 2026 films reflect a world in conflict,"Various works explore the impact of authoritarianism through a historical lens, while one thriller on corruption is set in Putin's Russia.",https://www.dw.com/en/how-the-cannes-2026-films-reflect-a-world-in-conflict/a-77248443?maca=en-rss-en-all-1573-rdf,DW,Inconnu,Culture,2026-06-04T10:11:33.291380,,,2026-06-04T10:11:33.291380
448,DW exclusive: Germany's far-right AfD vows to 'make history',"The AfD looks set to take power in a German state for the first time. In a DW exclusive, the front-runner in Saxony-Anhalt discusses plans to detain immigrants and revamp the school system, and relations with Russia.",https://www.dw.com/en/dw-exclusive-germany-s-far-right-afd-vows-to-make-history/a-77252189?maca=en-rss-en-all-1573-rdf,DW,Inconnu,Germany,2026-06-04T10:11:33.291380,,,2026-06-04T10:11:33.291380
449,Ebola patient in Berlin: Why Germany's helping,"An Ebolainfected US doctor is being treated under the highest safety standards in a specialized isolation unit in the German capital, Berlin. The facilities are considered to be among the best equipped worldwide.",https://www.dw.com/en/ebola-patient-in-berlin-why-germany-s-helping/a-77237887?maca=en-rss-en-all-1573-rdf,DW,Inconnu,Science,2026-06-04T10:11:33.291380,,,2026-06-04T10:11:33.291380
450,Will Germany's aviation tax cut lower ticket prices?,"The tax cut aims to ease the burden on the aviation industry and make flying slightly cheaper. However, some experts warn that it is unlikely to have a meaningful impact on ticket prices.",https://www.dw.com/en/will-germany-s-aviation-tax-cut-lower-ticket-prices/a-75022175?maca=en-rss-en-all-1573-rdf,DW,Inconnu,Business,2026-06-04T10:11:33.291380,,,2026-06-04T10:11:33.291380
451,Germany 2026 World Cup squad announcement: Neuer returns,"Two years after retiring from international football, Manuel Neuer is back in Germany's 2026 World Cup squad.",https://www.dw.com/en/germany-2026-world-cup-squad-announcement-neuer-returns/a-77212854?maca=en-rss-en-all-1573-rdf,DW,Inconnu,Sports,2026-06-04T10:11:33.291380,,,2026-06-04T10:11:33.291380
452,"Extreme climate scenario fades, but warming continues","The rapid rollout of renewable energy is helping to shift emissions trends, but expected temperature rises remain high as the UN moves to tighten countries' commitments.",https://www.dw.com/en/extreme-climate-scenario-fades-but-warming-continues/a-77238401?maca=en-rss-en-all-1573-rdf,DW,Inconnu,Environment,2026-06-04T10:11:33.291380,,,2026-06-04T10:11:33.291380
453,Freiburg's Europa League final proof another way can work,"Bundesliga side Freiburg might have lost their first-ever European final to Aston Villa, but their European run is a reminder that success in football can be achieved without big spending or a loss of identity.",https://www.dw.com/en/freiburg-s-europa-league-final-proof-another-way-can-work/a-77198696?maca=en-rss-en-all-1573-rdf,DW,Inconnu,Sports,2026-06-04T10:11:33.291380,,,2026-06-04T10:11:33.291380
454,Why Stephen Colbert's 'Late Show' mattered,"As the final curtain falls on ""The Late Show,"" a brief history of the evolution of the late-night tradition and Stephen Colbert's satire.",https://www.dw.com/en/why-stephen-colbert-s-late-show-mattered/a-77136726?maca=en-rss-en-all-1573-rdf,DW,Inconnu,Culture,2026-06-04T10:11:33.291380,,,2026-06-04T10:11:33.291380
455,Researchers spot humpback whales off Australia and Brazil  longest lifetime journey on record,Researchers have observed two humpback whales swimming between Australia and Brazil. It's the longest travel distance humans have ever recorded for the species.,https://www.dw.com/en/researchers-spot-humpback-whales-off-australia-and-brazil-longest-lifetime-journey-on-record/a-77226919?maca=en-rss-en-all-1573-rdf,DW,Inconnu,News,2026-06-04T10:11:33.291380,,,2026-06-04T10:11:33.291380
456,"How Meta wants to profile 13-year-olds on Insta, Facebook","Instagram and Facebook have a problem with underage users  there's too many of them. Parent company, Meta, aims to root out under-13s with an age-profiling AI. This plays into a debate about a teenage social media ban.",https://www.dw.com/en/how-meta-wants-to-profile-13-year-olds-on-insta-facebook/a-77099295?maca=en-rss-en-all-1573-rdf,DW,Inconnu,Science,2026-06-04T10:11:33.291380,,,2026-06-04T10:11:33.291380
457,EU is failing to cut pesticide use,"With binding cut targets scrapped, the European Union's pledge to halve pesticide use is stalling  even as controversial chemicals like glyphosate remain on sale across the bloc.",https://www.dw.com/en/eu-is-failing-to-cut-pesticide-use/a-76961584?maca=en-rss-en-all-1573-rdf,DW,Inconnu,Environment,2026-06-04T10:11:33.291380,,,2026-06-04T10:11:33.291380
458,"Enhanced Games: Pushing human potential, or lethal circus?","Investors like Peter Thiel and Donald Trump Jr. see the Enhanced Games as proof of how far human limits can stretch. For doping experts, the danger is clear and grave. DW explains the latest controversial sporting event.",https://www.dw.com/en/enhanced-games-pushing-human-potential-or-lethal-circus/a-77201096?maca=en-rss-en-all-1573-rdf,DW,Inconnu,Sports,2026-06-04T10:11:33.291380,,,2026-06-04T10:11:33.291380
459,Pioneer of pop music: Cher turns 80,"Cher has had countless hits and sparked more than a few controversies  while always doing things her own way. At 80, she remains as iconic as ever.",https://www.dw.com/en/pioneer-of-pop-music-cher-turns-80/a-77202087?maca=en-rss-en-all-1573-rdf,DW,Inconnu,NRS-Import,2026-06-04T10:11:33.291380,,,2026-06-04T10:11:33.291380
460,Hearing aids may cut noise by reading brain signals,"In a crowded room, it can be impossible for hearing aid users to focus on what they want or need to hear. Research into auditory neurotechnology may enhance sounds and voices and reduce noise in real-time.",https://www.dw.com/en/hearing-aids-may-cut-noise-by-reading-brain-signals/a-77211054?maca=en-rss-en-all-1573-rdf,DW,Inconnu,Science,2026-06-04T10:11:33.291380,,,2026-06-04T10:11:33.291380
461,How China became Russia's economic lifeline,"Hot on the heels of Donald Trump's visit, Russian President Vladimir Putin travels to Beijing for talks with Xi Jinping. DW explores how China's trade and financial support is helping keep Russia's economy afloat.",https://www.dw.com/en/how-china-became-russia-s-economic-lifeline/a-77193402?maca=en-rss-en-all-1573-rdf,DW,Inconnu,Business,2026-06-04T10:11:33.293626,,,2026-06-04T10:11:33.293626
462,Germany's crisis-hit chemical industry seeks revival,"Hit by high energy costs and regulation, Germany's chemical companies are scaling back production at home while expanding abroad. Can the trend be reversed?",https://www.dw.com/en/germany-s-crisis-hit-chemical-industry-seeks-revival/a-77166282?maca=en-rss-en-all-1573-rdf,DW,Inconnu,Business,2026-06-04T10:11:33.293626,,,2026-06-04T10:11:33.293626
463,Elversberg: Bundesliga newcomers from tiny town make history,"A team from a small southwestern German town of just 7,000 inhabitants has made history by sealing promotion to become the 59th club to play in the Bundesliga.",https://www.dw.com/en/elversberg-bundesliga-newcomers-from-tiny-town-make-history/a-77194483?maca=en-rss-en-all-1573-rdf,DW,Inconnu,Sports,2026-06-04T10:11:33.293626,,,2026-06-04T10:11:33.293626
464,Ebola in Africa: Why it's a constant threat,"Ebola is highly contagious and deadly. It spreads internationally, such as in the May 2026 outbreaks in the Democratic Republic of the Congo and Uganda. But that doesn't automatically make it a pandemic.",https://www.dw.com/en/ebola-in-africa-why-it-s-a-constant-threat/a-71524627?maca=en-rss-en-all-1573-rdf,DW,Inconnu,Science,2026-06-04T10:11:33.293626,,,2026-06-04T10:11:33.293626
465,"Germany and Japan test hydrogen future with BMW, Toyota cars","During a recent visit to Japan, Germany's transport minister Patrick Schnieder toured hydrogen projects aimed at bringing the fuel into the mainstream.",https://www.dw.com/en/germany-and-japan-test-hydrogen-future-with-bmw-toyota-cars/a-77182456?maca=en-rss-en-all-1573-rdf,DW,Inconnu,Business,2026-06-04T10:11:33.293626,,,2026-06-04T10:11:33.293626
466,'From collection to connection': How museums are redefining themselves,"Gone are the days when museums were just places to see art and artifacts. On International Museum Day, DW looks at how museums are becoming unique spaces of community engagement and participation.",https://www.dw.com/en/from-collection-to-connection-how-museums-are-redefining-themselves/a-77095911?maca=en-rss-en-all-1573-rdf,DW,Inconnu,Culture,2026-06-04T10:11:33.293626,,,2026-06-04T10:11:33.293626
495,Elon Musk becomes world's first trillionaire as SpaceX soars in stock market debut,Musk's AI and reusable rocket company listed on the Nasdaq stock exchange with a value of $2.2tn.,https://www.bbc.com/news/articles/c4gypy3wwl7o?at_medium=RSS&at_campaign=rss,BBC,Inconnu,General,2026-06-12T21:12:00.884910,,,2026-06-12T21:12:00.884942
496,"Deal to end fighting would lead to Hormuz reopening, Iran says","The deal which will pave the way for hostilities to end is close to being finalised, the US, Iran and mediators Pakistan say.",https://www.bbc.com/news/articles/c39y02x98k8o?at_medium=RSS&at_campaign=rss,BBC,Inconnu,General,2026-06-12T21:12:00.885100,,,2026-06-12T21:12:00.885111
497,"I have a duty to stay on, says Starmer, as he justifies defence spending decisions","Sir Keir Starmer argues he has made ""hard-edged"" decisions, one day after his defence secretary quit in a row over money.",https://www.bbc.com/news/articles/c621wr1zg97o?at_medium=RSS&at_campaign=rss,BBC,Inconnu,General,2026-06-12T21:12:00.885226,,,2026-06-12T21:12:00.885235
498,Defence row exposes tensions over how to keep UK safe,"Ex-Defence Secretary John Healey has said the defence investment plan is ""well short of what is required"".",https://www.bbc.com/news/articles/c8d2q84y1gno?at_medium=RSS&at_campaign=rss,BBC,Inconnu,General,2026-06-12T21:12:00.885386,,,2026-06-12T21:12:00.885398
499,King leads tributes to 'giant of the art world' David Hockney,"The artist, who has died at the age of 88, ""was one of life's true originals"", King Charles says.",https://www.bbc.com/news/articles/cvgjxdr27z4o?at_medium=RSS&at_campaign=rss,BBC,Inconnu,General,2026-06-12T21:12:00.885575,,,2026-06-12T21:12:00.885590
500,Watch: David Beckham receives star on the Hollywood Walk of Fame,"The former footballer was joined by his wife Victoria Beckham and their children, as well as actor Tom Cruise.",https://www.bbc.com/news/videos/c1jy0444k3wo?at_medium=RSS&at_campaign=rss,BBC,Inconnu,General,2026-06-12T21:12:00.885761,,,2026-06-12T21:12:00.885776
501,Palestine Action activists jailed over factory raid,The case is believed to be the first time that convictions for criminal damage have been classified as terrorism.,https://www.bbc.com/news/articles/ce950111xk7o?at_medium=RSS&at_campaign=rss,BBC,Inconnu,General,2026-06-12T21:12:00.885954,,,2026-06-12T21:12:00.885967
502,Former Arsenal midfielder Thomas Partey denied entry to Canada for Ghana's World Cup opener,"Ghana midfielder Thomas Partey will miss his nation's first World Cup game in Toronto against Panama, after being denied entry to Canada.",https://www.bbc.com/sport/football/articles/cn8qgny4186o?at_medium=RSS&at_campaign=rss,BBC,Inconnu,General,2026-06-12T21:12:00.886143,,,2026-06-12T21:12:00.886154
503,Watch: Four UFO videos newly declassified by US government,The eyewitness footage shows bright orbs in the sky over an undisclosed location in the northeastern US.,https://www.bbc.com/news/videos/c8e2w83kxryo?at_medium=RSS&at_campaign=rss,BBC,Inconnu,General,2026-06-12T21:12:00.887076,,,2026-06-12T21:12:00.887141
504,"Grooming survivors left with criminal records still being failed, BBC told","Victims who were abused and prosecuted as children are still being failed, says grooming report author.",https://www.bbc.com/news/articles/cly7jjq8nr1o?at_medium=RSS&at_campaign=rss,BBC,Inconnu,General,2026-06-12T21:12:00.887417,,,2026-06-12T21:12:00.887427
505,Delta Goodrem becomes third celebrity to join Strictly Come Dancing,Goodrem rose to fame in Australian soap opera Neighbours,https://www.bbc.com/news/articles/cg74gvy8lgjo?at_medium=RSS&at_campaign=rss,BBC,Inconnu,General,2026-06-12T21:12:00.887537,,,2026-06-12T21:12:00.887546
506,World Cup kicks off in Canada with Alanis Morissette and Michael Buble performing in opening ceremony,The opening games in Toronto and Los Angeles on Friday include star-studded performances.,https://www.bbc.com/news/articles/c4g9g9xy9y7o?at_medium=RSS&at_campaign=rss,BBC,Inconnu,General,2026-06-12T21:12:00.889492,,,2026-06-12T21:12:00.889529
507,Scotland's McTominay 'ready to go' after illness,"Scotland midfielder Scott McTominay takes part in training on the eve of the World Cup opener against Haiti, having missed out the previous day because of an upset stomach.",https://www.bbc.com/sport/football/articles/c78y50pmd2go?at_medium=RSS&at_campaign=rss,BBC,Inconnu,General,2026-06-12T21:12:00.889781,,,2026-06-12T21:12:00.889793
508,South Africa trolled by African fans in wake of World Cup loss,The taunting reflects anger from parts of the continent over reports of xenophobia in South Africa.,https://www.bbc.com/news/articles/cm2jewrxvmjo?at_medium=RSS&at_campaign=rss,BBC,Inconnu,General,2026-06-12T21:12:00.889953,,,2026-06-12T21:12:00.889964
509,"The World Cup of adverts: How brands are competing to entertain, not simply sell","Kim Kardashian, Timothee Chalamet and Susan Boyle feature in ambitious ads ahead of the World Cup.",https://www.bbc.com/news/articles/c992v43m71do?at_medium=RSS&at_campaign=rss,BBC,Inconnu,General,2026-06-12T21:12:00.890328,,,2026-06-12T21:12:00.890351
510,David Hockney: Art's great innovator whose vivid paintings made him a household name,"The proud Yorkshireman, who also painted iconic pictures of America, was routinely described as Britain's greatest artist.",https://www.bbc.com/news/articles/ck77rg88gd9o?at_medium=RSS&at_campaign=rss,BBC,Inconnu,General,2026-06-12T21:12:00.890622,,,2026-06-12T21:12:00.890636
511,What we know about how Northern Ireland's riots were organised,Northern Ireland has seen three nights of violence after footage of a knife attack on Monday night spread across social media.,https://www.bbc.com/news/articles/cvgjxkjp6veo?at_medium=RSS&at_campaign=rss,BBC,Inconnu,General,2026-06-12T21:12:00.890789,,,2026-06-12T21:12:00.890799
512,'I've never been this good'  revolutionary immune reset puts lupus in remission,Patients on the trial have not needed medication to manage their condition.,https://www.bbc.com/news/articles/c4gy2d9y5z3o?at_medium=RSS&at_campaign=rss,BBC,Inconnu,General,2026-06-12T21:12:00.891621,,,2026-06-12T21:12:00.891638
513,Why the economics make this the craziest World Cup ever,"From trade wars to soaring ticket prices, the 2026 World Cup is unlike any before it. Faisal Islam explores what this tournament reveals about our changing global economy.",https://www.bbc.com/news/articles/cpv32417nlwo?at_medium=RSS&at_campaign=rss,BBC,Inconnu,General,2026-06-12T21:12:00.891772,,,2026-06-12T21:12:00.891779
514,'I spent uni savings on getting my teeth fixed' - the real cost of NHS dentist shortage,People tell BBC Your Voice the rising cost of private dentistry is putting them in a difficult position.,https://www.bbc.com/news/articles/czrx7pvx57eo?at_medium=RSS&at_campaign=rss,BBC,Inconnu,General,2026-06-12T21:12:00.891885,,,2026-06-12T21:12:00.891893
515,Palestinian anger at rise in Israeli demolitions in East Jerusalem,Palestinian homes are being pulled down in occupied East Jerusalem to make way for a park.,https://www.bbc.com/news/articles/cewpwjr9rj4o?at_medium=RSS&at_campaign=rss,BBC,Inconnu,General,2026-06-12T21:12:00.891991,,,2026-06-12T21:12:00.891999
516,What do Puerto Ricans think of the viral song about their homeland?,People from Puerto Rico reflect on how the catchy tune has attracted attention to where they live.,https://www.bbc.com/news/articles/cwy0v85ldyjo?at_medium=RSS&at_campaign=rss,BBC,Inconnu,General,2026-06-12T21:12:00.892097,,,2026-06-12T21:12:00.892104
517,UK vows to phase out Russian diesel and jet fuel imports by new year,The ban forms part of the government's package of sanctions on Moscow due to the ongoing war with Ukraine.,https://www.bbc.com/news/articles/ceqdl8xre7qo?at_medium=RSS&at_campaign=rss,BBC,Inconnu,General,2026-06-12T21:12:00.892203,,,2026-06-12T21:12:00.892210
518,"Speeding jet skiers with children on board 'remove plates to evade cameras', report says","CCTV is being used to try and catch culprits at Conwy harbour, which has seen a number of dangerous incidents recently.",https://www.bbc.com/news/articles/c9q27p2vdd9o?at_medium=RSS&at_campaign=rss,BBC,Inconnu,General,2026-06-12T21:12:00.892315,,,2026-06-12T21:12:00.892322
519,Taylor Swift makes tearful 21-minute speech as she joins Songwriters Hall of Fame,The singer thanks her family as she becomes the youngest woman to be inducted into the Hall of Fame.,https://www.bbc.com/news/articles/c5yzxd0g833o?at_medium=RSS&at_campaign=rss,BBC,Inconnu,General,2026-06-12T21:12:00.892423,,,2026-06-12T21:12:00.892430
520,Discovery of 1.2m jewellery prompts fresh probe into former Spanish PM,Jose Luis Rodriguez Zapatero is suspected of being unable to show proof he paid import duties on the jewellery.,https://www.bbc.com/news/articles/cjeg9p1xqdwo?at_medium=RSS&at_campaign=rss,BBC,Inconnu,General,2026-06-12T21:12:00.892580,,,2026-06-12T21:12:00.892588
521,Three more men jailed for Henry Nowak protest violence,A total of 13 men have so far been jailed over the disorder in Southampton last week.,https://www.bbc.com/news/articles/c0rynjnd2xqo?at_medium=RSS&at_campaign=rss,BBC,Inconnu,General,2026-06-12T21:12:00.892688,,,2026-06-12T21:12:00.892696
522,French town buries murdered child as questions mount over police failings,"The prime suspect in the killing of Lyhanna, 11, was reported to police nine months prior but never questioned.",https://www.bbc.com/news/articles/cy9rq21dqego?at_medium=RSS&at_campaign=rss,BBC,Inconnu,General,2026-06-12T21:12:00.892799,,,2026-06-12T21:12:00.892806
523,Boys' sentences for rape to be reviewed in July,The case has been referred to the Court of Appeal under the unduly lenient scheme.,https://www.bbc.com/news/articles/c862w26zwggo?at_medium=RSS&at_campaign=rss,BBC,Inconnu,General,2026-06-12T21:12:00.892900,,,2026-06-12T21:12:00.892907
525,The Keir Starmer Interview: The Analysis,Adam and Chris breakdown the Keir Starmer interview.,https://www.bbc.co.uk/sounds/play/p0nq8mmz?at_medium=RSS&at_campaign=rss,BBC,Inconnu,General,2026-06-12T21:12:00.893093,,,2026-06-12T21:12:00.893100
526,Profile: Bradford celebrates David Hockney,David Hockney: iconic British artist.,https://www.bbc.co.uk/sounds/play/m002m914?at_medium=RSS&at_campaign=rss,BBC,Inconnu,General,2026-06-12T21:12:00.893330,,,2026-06-12T21:12:00.893338
527,"Bellingham set to start, but no Guehi - England's expected team","Jude Bellingham is expected to start England's opening game of the 2026 World Cup, as Marc Guehi could start on the bench.",https://www.bbc.com/sport/football/articles/cx2dn77m8gwo?at_medium=RSS&at_campaign=rss,BBC,Inconnu,General,2026-06-12T21:12:00.893444,,,2026-06-12T21:12:00.893451
528,'Toronto erupts' - Larin equalises for Canada,Substitute Cyle Larin equalises for Canada against Bosnia-Herzegovina at the Toronto Stadium at the 2026 World Cup.,https://www.bbc.com/sport/football/videos/cp8lngn61kro?at_medium=RSS&at_campaign=rss,BBC,Inconnu,General,2026-06-12T21:12:00.893552,,,2026-06-12T21:12:00.893559
529,Boulter stuns Rybakina at Queen's for biggest career win,An inspired Katie Boulter celebrates the biggest win of her career by ranking as she beats world number two Elena Rybakina to reach the Queen's semi-finals.,https://www.bbc.com/sport/tennis/articles/c1wyq5r20djo?at_medium=RSS&at_campaign=rss,BBC,Inconnu,General,2026-06-12T21:12:00.893665,,,2026-06-12T21:12:00.893672
580,Pope warns people smugglers they face Gods wrath,Migration has been a central theme throughout Pope Leo's weeklong tour of Spain.,https://www.aljazeera.com/news/2026/6/12/pope-warns-people-smugglers-they-face-gods-wrath?traffic_source=rss,Al Jazeera,Inconnu,News,2026-06-12T21:12:05.284174,,,2026-06-12T21:12:05.284200
581,"New York City catches World Cup fever amid transit chaos, high costs",World Cup preparations are underway in New York City with more than one million visitors expected.,https://www.aljazeera.com/video/newsfeed/2026/6/12/new-york-city-catches-world-cup-fever-amid-transit-chaos-high-costs?traffic_source=rss,Al Jazeera,Inconnu,Sport,2026-06-12T21:12:05.284319,,,2026-06-12T21:12:05.284330
582,USA vs Paraguay live: World Cup 2026,"Follow our live build-up, with full opening ceremony and team news coverage, before our text commentary stream.",https://www.aljazeera.com/sports/liveblog/2026/6/12/usa-vs-paraguay-live-world-cup-2026?traffic_source=rss,Al Jazeera,Inconnu,Sport,2026-06-12T21:12:05.284433,,,2026-06-12T21:12:05.284444
583,US Congressman says Trump wont send loads of money to Iran,"US House Republican Ryan Zinke says President Donald Trump wants a deal with Iran, but will not provide funding.",https://www.aljazeera.com/video/newsfeed/2026/6/12/us-congressman-says-trump-wont-send-loads-of-money-to-iran?traffic_source=rss,Al Jazeera,Inconnu,Show Types,2026-06-12T21:12:05.284551,,,2026-06-12T21:12:05.284560
584,Clashes break out at DRC rally against presidential term-limit change,Police dispersed the crowds with tear gas as opposition and pro-government activists clashed.,https://www.aljazeera.com/news/2026/6/12/violence-breaks-out-at-drc-rally-against-presidential-term-limit-change?traffic_source=rss,Al Jazeera,Inconnu,News,2026-06-12T21:12:05.284662,,,2026-06-12T21:12:05.284671
585,"Putin admits Ukraine attacks hitting Russian economy, society","Ukraine has increasingly targeted Russian refineries, depots and pipelines, as well as fuel supplies in Crimea.",https://www.aljazeera.com/news/2026/6/12/putin-admits-ukraine-attacks-hitting-russian-economy-society?traffic_source=rss,Al Jazeera,Inconnu,News,2026-06-12T21:12:05.284773,,,2026-06-12T21:12:05.284782
586,UK court jails Palestinian Action activists on terrorism charges,"Quartet convicted on criminal damage and GBH charges, but judge insists raid on Israel arms company was 'terrorist act'.",https://www.aljazeera.com/news/2026/6/12/uk-court-jails-palestinian-action-activists-on-terrorism-charges?traffic_source=rss,Al Jazeera,Inconnu,News,2026-06-12T21:12:05.284905,,,2026-06-12T21:12:05.284914
587,Can Pakistan push the US-Iran deal over the finish line?,"Pakistan says a final peace deal text has been agreed between the US and Iran, with only next steps left to finalise.",https://www.aljazeera.com/video/newsfeed/2026/6/12/can-pakistan-push-the-us-iran-deal-over-the-finish-line?traffic_source=rss,Al Jazeera,Inconnu,Show Types,2026-06-12T21:12:05.285018,,,2026-06-12T21:12:05.285027
588,How the Gulf will manage collective security after the Iran war ends,An Iran-US deal could provide an opportunity for Gulfs to review their security arrangements.,https://www.aljazeera.com/news/2026/6/12/how-the-gulf-will-manage-collective-security-after-the-iran-war-ends?traffic_source=rss,Al Jazeera,Inconnu,News,2026-06-12T21:12:05.285126,,,2026-06-12T21:12:05.285135
589,Sam Bankman-Fried loses appeal to overturn fraud convictions and prison,"If the former crypto billionaire loses all remaining avenues, he would be eligible for release in 2044.",https://www.aljazeera.com/economy/2026/6/12/sam-bankman-fried-loses-appeal-to-overturn-fraud-convictions-and-prison?traffic_source=rss,Al Jazeera,Inconnu,News,2026-06-12T21:12:05.285236,,,2026-06-12T21:12:05.285245
590,US judge refuses to block Trumps White House UFC fight,Federal judge rules UFC fight at White House on Trumps birthday can proceed despite legal challenges.,https://www.aljazeera.com/news/2026/6/12/us-judge-refuses-to-block-ufc-fight-at-white-house-event?traffic_source=rss,Al Jazeera,Inconnu,News,2026-06-12T21:12:05.285349,,,2026-06-12T21:12:05.285358
591,Venezuela hits out at Trinidad and Tobago in oil spill spat,Caracas warns of environmental and economic damage amid heightened tension with its neighbour.,https://www.aljazeera.com/news/2026/6/12/venezuela-hits-out-at-trinidad-and-tobago-in-oil-spill-spat?traffic_source=rss,Al Jazeera,Inconnu,News,2026-06-12T21:12:05.285456,,,2026-06-12T21:12:05.285465
592,Indias West Bengal pushes out Muslim Bangladeshis,Thousands of Muslim Bangladeshis have been detained or deported under West Bengal's new BJP government.,https://www.aljazeera.com/video/newsfeed/2026/6/12/indias-west-bengal-pushes-out-muslim-bangladeshis?traffic_source=rss,Al Jazeera,Inconnu,Show Types,2026-06-12T21:12:05.285573,,,2026-06-12T21:12:05.285582
593,UN adopts treaty setting standards for gig economy workers,The protections included in the world-first agreement include enforcing minimum wage requirements and obligations.,https://www.aljazeera.com/news/2026/6/12/un-adopts-treaty-setting-standards-for-gig-economy-workers?traffic_source=rss,Al Jazeera,Inconnu,News,2026-06-12T21:12:05.285684,,,2026-06-12T21:12:05.285693
594,"At least one killed and nine hospitalised in Midland, Texas shooting","Authorities in Midland, Texas, say that suspected attacker confirmed dead after shooting and standoff with police.",https://www.aljazeera.com/news/2026/6/12/at-least-one-killed-and-nine-hospitalised-in-texas-shooting?traffic_source=rss,Al Jazeera,Inconnu,News,2026-06-12T21:12:05.285795,,,2026-06-12T21:12:05.285803
595,Musk becomes first trillionaire as SpaceX debuts on Nasdaq,Musk becomes first trillionaire as SpaceX debuts on Nasdaq,https://www.aljazeera.com/video/newsfeed/2026/6/12/musk-becomes-first-trillionaire-as-spacex-debuts-on-nasdaq?traffic_source=rss,Al Jazeera,Inconnu,Show Types,2026-06-12T21:12:05.286045,,,2026-06-12T21:12:05.286064
596,Amnesty calls for Israel boycott over aggression in the occupied West Bank,Amnesty Internationals Agnes Callamard says the ethnic cleansing and annexation of the occupied West Bank is state-led.,https://www.aljazeera.com/video/newsfeed/2026/6/12/amnesty-calls-for-israel-boycott-over-aggression-in-the-occupied-west-bank?traffic_source=rss,Al Jazeera,Inconnu,Show Types,2026-06-12T21:12:05.286278,,,2026-06-12T21:12:05.286295
597,Fire rips through the worlds biggest refugee camp in Bangladesh,"A large fire broke out in the Kutupalong refugee camp in Bangladesh, the worlds biggest displacement centre.",https://www.aljazeera.com/video/newsfeed/2026/6/12/fire-rips-through-the-worlds-biggest-refugee-camp-in-bangladesh?traffic_source=rss,Al Jazeera,Inconnu,Show Types,2026-06-12T21:12:05.286503,,,2026-06-12T21:12:05.286514
598,Iran: No timeline yet for signing US deal,"Pakistani Prime Minister Shehbaz Sharif says a ""final, agreed upon text"" of a US-Iran peace deal has been reached.",https://www.aljazeera.com/video/newsfeed/2026/6/12/iran-no-timeline-yet-for-signing-us-deal?traffic_source=rss,Al Jazeera,Inconnu,Show Types,2026-06-12T21:12:05.286630,,,2026-06-12T21:12:05.286644
599,US to cut air and naval assets deployed for NATO operations in Europe,Reported plans expand the,https://www.aljazeera.com/news/2026/6/12/us-to-cut-air-and-naval-assets-deployed-for-nato-operations-in-europe?traffic_source=rss,Al Jazeera,Inconnu,News,2026-06-12T21:12:05.286793,,,2026-06-12T21:12:05.286809
600,US judge extends block on Trumps $1.8bn anti-weaponisation fund,Justice Department had walked back controversial plan after meeting backlash from lawmakers and lawsuits.,https://www.aljazeera.com/news/2026/6/12/us-judge-extends-block-on-trumps-1-8bn-anti-weaponisation-fund?traffic_source=rss,Al Jazeera,Inconnu,News,2026-06-12T21:12:05.286976,,,2026-06-12T21:12:05.286992
601,Irans foreign minister says ceasefire deal with US has never been closer,"Statement comes as US, Iran officials caution against media reports on terms of possible agreement.",https://www.aljazeera.com/news/2026/6/12/pakistan-says-final-agreed-upon-text-of-iran-war-ceasefire-deal-reached?traffic_source=rss,Al Jazeera,Inconnu,News,2026-06-12T21:12:05.287099,,,2026-06-12T21:12:05.287108
602,Pro-Russian opposition party calls for Armenian election result annulment,Strong Armenia claims that incumbent Civil Contract party won Sunday's election due to voting irregularities.,https://www.aljazeera.com/news/2026/6/12/pro-russian-opposition-party-calls-for-armenian-election-result-annulment?traffic_source=rss,Al Jazeera,Inconnu,News,2026-06-12T21:12:05.287219,,,2026-06-12T21:12:05.287228
603,USA vs Paraguay: World Cup fever grips Los Angeles despite Trump policies,Fans in FIFA World Cup host city Los Angeles criticise the organisers and travel policies but are eager for the action.,https://www.aljazeera.com/sports/2026/6/12/usa-vs-paraguay-world-cup-fever-grips-los-angeles-despite-trump-policies?traffic_source=rss,Al Jazeera,Inconnu,Sport,2026-06-12T21:12:05.287330,,,2026-06-12T21:12:05.287339
604,"SpaceX IPO debuts in US markets, Musk becomes worlds first trillionaire",The landmark listing cemented Musk's status as the first trillionaire and propelled SpaceX into ranks of most valuable.,https://www.aljazeera.com/economy/2026/6/12/spacex-ipo-debuts-in-us-markets-musk-becomes-worlds-first-trillionaire?traffic_source=rss,Al Jazeera,Inconnu,News,2026-06-12T21:12:05.287449,,,2026-06-12T21:12:05.287458
605,World Cup: Ghana's Partey denied entry to Canada,"Thomas Partey, who has pleaded not guilty to several rape and sexual assault charges in the United Kingdom, has been refused a Canadian visa. He will therefore miss his team's World Cup game against Panama in Toronto.",https://www.dw.com/en/world-cup-ghana-s-partey-denied-entry-to-canada/a-77530436?maca=en-rss-en-all-1573-rdf,DW,Inconnu,News,2026-06-12T21:12:06.974254,,,2026-06-12T21:12:06.974304
606,SpaceX IPO makes Musk a paper trillionaire,"Elon Musk's SpaceX company has floated on the Nasdaq stock exchange, with shares climbing more than 25% above the opening price. This makes Musk the world's first paper trillionaire, at least by market capitalization.",https://www.dw.com/en/spacex-ipo-makes-musk-a-paper-trillionaire/a-77529579?maca=en-rss-en-all-1573-rdf,DW,Inconnu,News,2026-06-12T21:12:06.974499,,,2026-06-12T21:12:06.974513
607,"Iran, US say deal to end war 'has never been closer'","Iran's foreign minister and the US president have both stated that an agreement to end the war in Iran could be imminent. Mediators in Pakistan say they are working ""to finalize the next steps."" DW has more.",https://www.dw.com/en/iran-us-say-deal-to-end-war-has-never-been-closer/live-77520654?maca=en-rss-en-all-1573-rdf,DW,Inconnu,News,2026-06-12T21:12:06.974628,,,2026-06-12T21:12:06.974638
608,German students up in arms about funding cuts,"Germany's research minister, Dorothee Bar, says the situation of German students is ""very privileged"" and has rejected reform of the Federal Training Assistance Act (BAfoG), thereby turning many students against her.",https://www.dw.com/en/german-students-up-in-arms-about-funding-cuts/a-77528594?maca=en-rss-en-all-1573-rdf,DW,Inconnu,Germany,2026-06-12T21:12:06.974768,,,2026-06-12T21:12:06.974778
609,German court holds Google liable for fake AI answers,Judges in Bavaria drew a distinction between standard search engine results and AI-generated summaries. They ruled that tech giants themselves are responsible for the content of answers provided by AI.,https://www.dw.com/en/german-court-holds-google-liable-for-fake-ai-answers/a-77527661?maca=en-rss-en-all-1573-rdf,DW,Inconnu,News,2026-06-12T21:12:06.974887,,,2026-06-12T21:12:06.974944
610,Iran-US deal: What are the main sticking points?,"The US and Iran may be nearing a breakthrough, according to Donald Trump. DW looks at what has emerged so far, and the key risks and challenges shaping any possible agreement.",https://www.dw.com/en/iran-us-deal-what-are-the-main-sticking-points/a-77526613?maca=en-rss-en-all-1573-rdf,DW,Inconnu,World,2026-06-12T21:12:06.975065,,,2026-06-12T21:12:06.975075
611,Sahel juntas are 'crushing' basic freedoms,"In the Sahel countries of Mali, Burkina Faso, and Niger, military rulers are increasingly clamping down on press freedom and freedom of expression. Many journalists, bloggers and activists have been forced into exile.",https://www.dw.com/en/sahel-juntas-are-crushing-basic-freedoms/a-77500618?maca=en-rss-en-all-1573-rdf,DW,Inconnu,World,2026-06-12T21:12:06.975186,,,2026-06-12T21:12:06.975196
612,Curacao's World Cup dream: 'Nothing is impossible',Curacao is the smallest nation ever to qualify for a World Cup. The Caribbean island is abuzz ahead of their first match on football's biggest stage  against four-time champions Germany.,https://www.dw.com/en/curacao-s-world-cup-dream-nothing-is-impossible/a-77464061?maca=en-rss-en-all-1573-rdf,DW,Inconnu,NRS-Import,2026-06-12T21:12:06.975315,,,2026-06-12T21:12:06.975325
613,Why is Bulgaria banning arms supplies to Ukraine?,"Bulgaria's new government has banned state arms supplies to Ukraine. The ban does not, however, affect commercial exports, raising the question as to whether the move was aimed more at a domestic audience than at Kyiv.",https://www.dw.com/en/why-is-bulgaria-banning-arms-supplies-to-ukraine/a-77523515?maca=en-rss-en-all-1573-rdf,DW,Inconnu,News,2026-06-12T21:12:06.975436,,,2026-06-12T21:12:06.975446
614,India bets big on domestic drones for future warfare,"India is preparing to place its largest-ever military drone order, a procurement worth more than $2 billion that could rapidly expand the country's unmanned warfare capabilities.",https://www.dw.com/en/india-bets-big-on-domestic-drones-for-future-warfare/a-77523962?maca=en-rss-en-all-1573-rdf,DW,Inconnu,World,2026-06-12T21:12:06.975553,,,2026-06-12T21:12:06.975564
615,Why bear attacks are rising fast in Japan,"Experts say bears are less afraid of humans as hunter numbers fall, pushing them beyond their traditional habitats in search of food.",https://www.dw.com/en/why-bear-attacks-are-rising-fast-in-japan/a-77521911?maca=en-rss-en-all-1573-rdf,DW,Inconnu,World,2026-06-12T21:12:06.975696,,,2026-06-12T21:12:06.975707
616,Germany news: Pistorius asks for time mulling next-generation jet FCAS replacement,"Germany's defense minister says the government needs time to evaluate a bid for a new possible military jet project. A nine-year Franco-German endeavor, the FCAS, collapsed this week.",https://www.dw.com/en/germany-news-pistorius-asks-for-time-mulling-next-generation-jet-fcas-replacement/live-77523802?maca=en-rss-en-all-1573-rdf,DW,Inconnu,News,2026-06-12T21:12:06.975824,,,2026-06-12T21:12:06.975834
617,"Fast-track border checks, return centers, 'mandatory solidarity': What the EUs new asylum rules could change  and what they may not.","Germany aims to further reduce the number of new asylum seekers. The reformed EU asylum law (CEAS) came into effect on Friday, but experts say it is unlikely to achieve all it sets out to do.",https://www.dw.com/en/fast-track-border-checks-return-centers-mandatory-solidarity-what-the-eu-s-new-asylum-rules-could-change-and-what-they-may-not/a-77508144?maca=en-rss-en-all-1573-rdf,DW,Inconnu,World,2026-06-12T21:12:06.975960,,,2026-06-12T21:12:06.975970
618,Will life improve for Hungary's Roma community under Magyar?,"Under Viktor Orban, the Roma community was kept at the very bottom of the social ladder. His successor is taking a stand against antiziganism. But can Hungarian Roma expect fundamental changes?",https://www.dw.com/en/will-life-improve-for-hungary-s-roma-community-under-magyar/a-77509082?maca=en-rss-en-all-1573-rdf,DW,Inconnu,World,2026-06-12T21:12:06.976080,,,2026-06-12T21:12:06.976089
619,British artist David Hockney dies at 88,"Considered a superstar of pop art, the UK painter was one of the world's most influential artists during his lifetime.",https://www.dw.com/en/british-artist-david-hockney-dies-at-88/a-77521907?maca=en-rss-en-all-1573-rdf,DW,Inconnu,Culture,2026-06-12T21:12:06.976185,,,2026-06-12T21:12:06.976195
620,"Taliban arrest 30 women for violating hijab rules, UN says",The arrests come amid a growing struggle for women in Afghanistan who've been practically barred from society under Taliban rule.,https://www.dw.com/en/taliban-arrest-30-women-for-violating-hijab-rules-un-says/a-77517764?maca=en-rss-en-all-1573-rdf,DW,Inconnu,News,2026-06-12T21:12:06.976294,,,2026-06-12T21:12:06.976304
621,Jonathan Tah's first World Cup and the long wait,The 2026 World Cup will be the Bayern Munich defender's first for Germany. This moment has been a long time coming.,https://www.dw.com/en/jonathan-tah-s-first-world-cup-and-the-long-wait/a-77512263?maca=en-rss-en-all-1573-rdf,DW,Inconnu,Sports,2026-06-12T21:12:06.976399,,,2026-06-12T21:12:06.976409
622,India news: FM blasts Europe criticism of buying Russian oil,"Defending India's energy ties with Moscow at a conference in Helsinki, India's foreign minister S Jaishankar said the US asked India to buy Russian oil. Also, a fire in Delhi killed three.",https://www.dw.com/en/india-news-fm-blasts-europe-criticism-of-buying-russian-oil/live-77516858?maca=en-rss-en-all-1573-rdf,DW,Inconnu,News,2026-06-12T21:12:06.976541,,,2026-06-12T21:12:06.976551
623,Julian Nagelsmann: The coach struggling to speak to Germany,"Considered German football's X factor during Euro 2024, head coach Julian Nagelsmann enters the 2026 World Cup with more questions than optimism.",https://www.dw.com/en/julian-nagelsmann-the-coach-struggling-to-speak-to-germany/a-77209578?maca=en-rss-en-all-1573-rdf,DW,Inconnu,Sports,2026-06-12T21:12:06.976656,,,2026-06-12T21:12:06.976665
624,Lab-grown Tyrannosaurus leather bag fails to sell at auction,"The handbag as the ""world's first T. rex leather product"" didn't find a buyer at auction. Is it more chicken than dinosaur?",https://www.dw.com/en/lab-grown-tyrannosaurus-leather-bag-fails-to-sell-at-auction/a-77118050?maca=en-rss-en-all-1573-rdf,DW,Inconnu,Culture,2026-06-12T21:12:06.976768,,,2026-06-12T21:12:06.976777
625,Environment wins of the week,Good news about the state of the planet might seem to be in short supply but it's out there. Each week DW's environment desk brings you what went right.,https://www.dw.com/en/environment-wins-of-the-week/a-77509351?maca=en-rss-en-all-1573-rdf,DW,Inconnu,Environment,2026-06-12T21:12:06.976878,,,2026-06-12T21:12:06.976887
626,World Cup kicks off in Mexico City,Mexico won against South Africa after the opening ceremony in Mexico City which featured Colombian star Shakira and Nigerian singer Burna Boy. Football fans are set for nearly 40 days of action across three countries.,https://www.dw.com/en/world-cup-kicks-off-in-mexico-city/a-77511676?maca=en-rss-en-all-1573-rdf,DW,Inconnu,News,2026-06-12T21:12:06.976997,,,2026-06-12T21:12:06.977006
627,Racist riots break out across United Kingdom,"A video of a knife attack sparked racist riots across the Northern Irish capital Belfast on Monday, with violence has now spreading across the United Kingdom. Keir Starmer says there will be ""no tolerance"" for rioters.",https://www.dw.com/en/racist-riots-break-out-across-united-kingdom/a-77512091?maca=en-rss-en-all-1573-rdf,DW,Inconnu,World,2026-06-12T21:12:06.977133,,,2026-06-12T21:12:06.977154
628,Is there anything GLP-1 agonist drugs cannot do?,"Every other month, researchers find new uses for GLP-1 agonist drugs, like Mounjaro and Ozempic  now even as a treatment for substance abuse. It's classic drug repurposing, a technique that saved lives during COVID.",https://www.dw.com/en/is-there-anything-glp-1-agonist-drugs-cannot-do/a-77499450?maca=en-rss-en-all-1573-rdf,DW,Inconnu,Science,2026-06-12T21:12:06.977282,,,2026-06-12T21:12:06.977292
629,UK: Defense Secretary John Healey quits in military spending dispute,"Britain's defense minister has abruptly quit his post, saying the government's plans to bolster defense spending in the coming years are inadequate. The move puts additional pressure on embattled UK PM Keir Starmer.",https://www.dw.com/en/uk-defense-secretary-john-healey-quits-in-military-spending-dispute/a-77505191?maca=en-rss-en-all-1573-rdf,DW,Inconnu,News,2026-06-12T21:12:06.977405,,,2026-06-12T21:12:06.977415
630,"As the world heats up, cities work to cool down","Global warming trends mean more frequent, intense heat waves. Cities around the world are working to mitigate extreme heat and adapt urban life to climate change.",https://www.dw.com/en/as-the-world-heats-up-cities-work-to-cool-down/a-77504229?maca=en-rss-en-all-1573-rdf,DW,Inconnu,Environment,2026-06-12T21:12:06.977517,,,2026-06-12T21:12:06.977527
631,The strongest El Nino in more than a century may be coming,"Warnings of a powerful El Nino weather pattern this year suggest that we may be about to face drought, flooding and extreme heat. What impacts are in store? And can we prepare for the worst of it?",https://www.dw.com/en/the-strongest-el-nino-in-more-than-a-century-may-be-coming/a-77469489?maca=en-rss-en-all-1573-rdf,DW,Inconnu,Environment,2026-06-12T21:12:06.977637,,,2026-06-12T21:12:06.977646
632,Musk's SpaceX IPO holds both promise and peril,"SpaceX, Elon Musk's rocket and AI company, presents potential for investors. But its futuristic, unproven plans also carry significant financial risks.",https://www.dw.com/en/musk-s-spacex-ipo-holds-both-promise-and-peril/a-77491986?maca=en-rss-en-all-1573-rdf,DW,Inconnu,Business,2026-06-12T21:12:06.977777,,,2026-06-12T21:12:06.977787
633,Sex doll art sparks debate at German president's residence,"Beyond a headline-grabbing bronze, contemporary artworks draw attention to political power at an exhibition held at Bellevue Palace before the state building closes for renovation.",https://www.dw.com/en/sex-doll-art-sparks-debate-at-german-president-s-residence/a-77493241?maca=en-rss-en-all-1573-rdf,DW,Inconnu,Culture,2026-06-12T21:12:06.977897,,,2026-06-12T21:12:06.977906
634,"Hungary makes major deal with Ukraine, its former enemy",Hungarian Prime Minister Magyar announced an agreement with Kyiv about rights for a Hungarian minority in Ukraine. It paves the way for Ukraine to start EU accession talks  unthinkable under Hungary's last PM Orban.,https://www.dw.com/en/hungary-makes-major-deal-with-ukraine-its-former-enemy/a-77496875?maca=en-rss-en-all-1573-rdf,DW,Inconnu,World,2026-06-12T21:12:06.978024,,,2026-06-12T21:12:06.978033
635,World Cup 2026: How an old song from Bosnia went viral,Some have already called it the unofficial song of the 2026 World Cup. So how did a tune that was more than a decade old take the Balkans  and beyond  by storm?,https://www.dw.com/en/world-cup-2026-how-an-old-song-from-bosnia-went-viral/a-77491463?maca=en-rss-en-all-1573-rdf,DW,Inconnu,Sports,2026-06-12T21:12:06.978142,,,2026-06-12T21:12:06.978151
636,"Neo-Nazi lost an east German election, but extremism remains",A neo-Nazi candidate surprisingly lost a mayoral election by a small margin in the eastern state of Saxony. Many are relieved. But one win doesn't make the extremism problem go away.,https://www.dw.com/en/neo-nazi-lost-an-east-german-election-but-extremism-remains/a-77487377?maca=en-rss-en-all-1573-rdf,DW,Inconnu,Germany,2026-06-12T21:12:06.978259,,,2026-06-12T21:12:06.978268
637,"'Disclosure Day': For Spielberg, aliens are not just fiction","As Steven Spielberg releases a new film on extraterrestrials, here's a brief history of modern alien conspiracies and why scientists are now taking UFO reports seriously.",https://www.dw.com/en/disclosure-day-for-spielberg-aliens-are-not-just-fiction/a-77478176?maca=en-rss-en-all-1573-rdf,DW,Inconnu,Culture,2026-06-12T21:12:06.978374,,,2026-06-12T21:12:06.978384
638,World Cup: Edin Dzeko still strong for Bosnia-Herzegovina,With so much unpleasantness surrounding this year's World Cup it's easy to forget that there's anything about it that can elicit a smile. But the story of Bosnia-Herzegovina captain Edin Dzeko sure can.,https://www.dw.com/en/world-cup-edin-dzeko-still-strong-for-bosnia-herzegovina/a-77340981?maca=en-rss-en-all-1573-rdf,DW,Inconnu,Sports,2026-06-12T21:12:06.978494,,,2026-06-12T21:12:06.978504
639,War in Ukraine: Kyiv strikes key Russian supply lines,"Russian troops rely on supplies via the land corridor to Crimea, but Ukrainian forces are now able to launch concentrated attacks along the critical route. Experts say this indicates growing Russian vulnerability.",https://www.dw.com/en/war-in-ukraine-kyiv-strikes-key-russian-supply-lines/a-77480640?maca=en-rss-en-all-1573-rdf,DW,Inconnu,World,2026-06-12T21:12:06.978614,,,2026-06-12T21:12:06.978624
640,Why pastors hesitate to talk climate in US churches,"As the Trump administration undoes scores of environmental protections, some Christian leaders are inviting their congregations to do as the Bible asks and be good stewards of the land. But many others stay silent.",https://www.dw.com/en/why-pastors-hesitate-to-talk-climate-in-us-churches/a-77173938?maca=en-rss-en-all-1573-rdf,DW,Inconnu,Climate,2026-06-12T21:12:06.978736,,,2026-06-12T21:12:06.978746
641,NASA picks first European astronaut for Artemis mission,Italian astronaut Luca Parmitano will be the lead pilot for the Artemis III test flight. The NASA mission is expected to launch in 2027 to test technology for a future moon landing.,https://www.dw.com/en/nasa-picks-first-european-astronaut-for-artemis-mission/a-77482632?maca=en-rss-en-all-1573-rdf,DW,Inconnu,News,2026-06-12T21:12:06.978852,,,2026-06-12T21:12:06.978862
642,Northern Ireland: Police urge calm after 'sickening' Belfast stabbing,Belfast police appealed for calm after a violent knife attack caught on videophone prompted calls for anti-immigration protests. This followed a week of migration-related riots last June in Northern Ireland.,https://www.dw.com/en/northern-ireland-police-urge-calm-after-sickening-belfast-stabbing/a-77479452?maca=en-rss-en-all-1573-rdf,DW,Inconnu,News,2026-06-12T21:12:06.978974,,,2026-06-12T21:12:06.978983
643,EU proposes entry ban for Russians who fought in Ukraine,"The EU's 21st sanctions package includes a provision to deny entry to anyone who has served in Russia's armed forces amid the invasion of Ukraine. It will also target the so-called shadow fleet, banks and cryptocurrency.",https://www.dw.com/en/eu-proposes-entry-ban-for-russians-who-fought-in-ukraine/a-77474536?maca=en-rss-en-all-1573-rdf,DW,Inconnu,News,2026-06-12T21:12:06.979095,,,2026-06-12T21:12:06.979105
644,Leipzig Bachfest 2026: Bach's music as hit parade,"The Leipzig Bach Festival honors the composer with a hit parade. Over 8,000 fans from 20 countries cast their votes. But Bach is celebrated in many other countries around the world as well.",https://www.dw.com/en/leipzig-bachfest-2026-bach-s-music-as-hit-parade/a-77477113?maca=en-rss-en-all-1573-rdf,DW,Inconnu,Culture,2026-06-12T21:12:06.979212,,,2026-06-12T21:12:06.979221
645,"From Russia to Israel to US, 'warlords' seize power  report","Russia invades Ukraine, Israel and the US attack Iran, civil wars drag on in Africa  and what about international law? German researchers paint a grim picture in their latest annual Peace Report.",https://www.dw.com/en/from-russia-to-israel-to-us-warlords-seize-power-report/a-77478186?maca=en-rss-en-all-1573-rdf,DW,Inconnu,Germany,2026-06-12T21:12:06.979339,,,2026-06-12T21:12:06.979348
646,Germany upbeat as final World Cup preparations begin,"As the German men's national football team embark on their final preparations for the World Cup at their base camp in North Carolina, they're looking to make amends for disappointing tournaments in Russia and Qatar.",https://www.dw.com/en/germany-upbeat-as-final-world-cup-preparations-begin/a-77476392?maca=en-rss-en-all-1573-rdf,DW,Inconnu,Sports,2026-06-12T21:12:06.979462,,,2026-06-12T21:12:06.979471
647,Why Anthropic has the edge over OpenAI in IPO race,The rivalry between Sam Altman and Dario Amodei is entering a new phase. Both AI bosses are planning public listings and hope to use the money to outpace each other in the race to build superintelligent AI.,https://www.dw.com/en/why-anthropic-has-the-edge-over-openai-in-ipo-race/a-77471291?maca=en-rss-en-all-1573-rdf,DW,Inconnu,Business,2026-06-12T21:12:06.979580,,,2026-06-12T21:12:06.979589
648,Will Ebola have an impact on the World Cup?,"While ticket prices, heat and politics have made headlines, Ebola has been a World Cup worry for DR Congo. The African nation has qualified for the first time in 52 years, but does the outbreak have wider implications?",https://www.dw.com/en/will-ebola-have-an-impact-on-the-world-cup/a-77470256?maca=en-rss-en-all-1573-rdf,DW,Inconnu,Sports,2026-06-12T21:12:06.979723,,,2026-06-12T21:12:06.979734
649,"Somali referee denied US entry, dropped from FIFA World Cup 2026","Omar Artan, Africa's top referee in 2025, was set to become the first Somali national to officiate at a FIFA World Cup before being denied entry by US authorities",https://www.dw.com/en/somali-referee-denied-us-entry-dropped-from-fifa-world-cup-2026/a-77467197?maca=en-rss-en-all-1573-rdf,DW,Inconnu,News,2026-06-12T21:12:06.979844,,,2026-06-12T21:12:06.979853
650,Franco-German fighter jet project collapses after industry dispute,"The next-generation aircraft project has been scrapped following company disagreements, dealing a blow to European security cooperation efforts.",https://www.dw.com/en/franco-german-fighter-jet-project-collapses-after-industry-dispute/a-77466897?maca=en-rss-en-all-1573-rdf,DW,Inconnu,News,2026-06-12T21:12:06.979957,,,2026-06-12T21:12:06.979967
651,Will Mexico's World Cup party be spoiled by teacher protest?,"Just before the World Cup kicks off, host country Mexico faces a political tug-of-war. Striking teachers have occupied the central fan zone and have pledged to continue protesting.",https://www.dw.com/en/will-mexico-s-world-cup-party-be-spoiled-by-teacher-protest/a-77455624?maca=en-rss-en-all-1573-rdf,DW,Inconnu,Sports,2026-06-12T21:12:06.980075,,,2026-06-12T21:12:06.980099
652,"Depression in romantic relationships: You, me and the illness",Depression can be a huge challenge for a relationship. Loved ones of someone with depression often feel helpless. But there is actually a lot they can do  and a lot they shouldn't.,https://www.dw.com/en/depression-in-romantic-relationships-you-me-and-the-illness/a-77435025?maca=en-rss-en-all-1573-rdf,DW,Inconnu,Science,2026-06-12T21:12:06.980221,,,2026-06-12T21:12:06.980231
653,Why the 2026 World Cup is so controversial,"The 2026 World Cup has come under fire even before kickoff. Criticism is mounting over US President Donald Trumps travel bans, high ticket prices, the expansion to 48 teams as well as its environmental impact.",https://www.dw.com/en/why-the-2026-world-cup-is-so-controversial/a-77402635?maca=en-rss-en-all-1573-rdf,DW,Inconnu,Sports,2026-06-12T21:12:06.980346,,,2026-06-12T21:12:06.980356
654,Jafar Panahi's prison sentence confirmed by Iranian court,"Following a retrial for a verdict that had been reached while the prominent Iranian director was abroad, the Revolutionary Court in Tehran has upheld a one-year jail sentence.",https://www.dw.com/en/jafar-panahi-s-prison-sentence-confirmed-by-iranian-court/a-77456275?maca=en-rss-en-all-1573-rdf,DW,Inconnu,Culture,2026-06-12T21:12:06.980477,,,2026-06-12T21:12:06.980487
655,"Kosovo PM wins snap vote, but with no majority","Sunday's vote, the country's third in just over a year, was marked by low turnout. The country's prolonged political crisis has further debilitated an already ailing economy.",https://www.dw.com/en/kosovo-pm-wins-snap-vote-but-with-no-majority/a-77447536?maca=en-rss-en-all-1573-rdf,DW,Inconnu,News,2026-06-12T21:12:06.980600,,,2026-06-12T21:12:06.980608
656,Zelenskyy angers Poland with WWII-era name for army unit,Ukraine's President Volodymyr Zelenskyy has sparked outrage in Poland by choosing a name that carries Nazi connotations for a Ukrainian army unit. Can Polish PM Donald Tusk smooth things over?,https://www.dw.com/en/zelenskyy-angers-poland-with-wwii-era-name-for-army-unit/a-77412975?maca=en-rss-en-all-1573-rdf,DW,Inconnu,World,2026-06-12T21:12:06.980717,,,2026-06-12T21:12:06.980726
657,'Pizza connection' between German conservatives and Greens,"Thirty years ago, rivaling politicians from Germany's conservative CDU and the Greens met to discuss their differences  and what they had in common. The pizza connection was born. Now that format is being revived.",https://www.dw.com/en/pizza-connection-between-german-conservatives-and-greens/a-77395073?maca=en-rss-en-all-1573-rdf,DW,Inconnu,Germany,2026-06-12T21:12:06.980845,,,2026-06-12T21:12:06.980854
658,Sweden mulls prison for young teens as violent crime rises,"In the fight against escalating gang crime, Sweden's parliament will vote on plans to hold 13-year-olds criminally responsible and, in serious cases, imprison them. Other European nations are also lowering age limits.",https://www.dw.com/en/sweden-mulls-prison-for-young-teens-as-violent-crime-rises/a-77435410?maca=en-rss-en-all-1573-rdf,DW,Inconnu,World,2026-06-12T21:12:06.980967,,,2026-06-12T21:12:06.980977
659,"Armenia, once Russia's reliable ally, considers an EU future","Armenians are set to vote on the country's future geopolitical direction on June 7. The election will be a test of public opinion in the long-standing Russia ally, where the population is increasingly eyeing the EU.",https://www.dw.com/en/armenia-once-russia-s-reliable-ally-considers-an-eu-future/a-77400608?maca=en-rss-en-all-1573-rdf,DW,Inconnu,World,2026-06-12T21:12:06.981090,,,2026-06-12T21:12:06.981099
660,Germany beat USA before World Cup but injuries cast shadow,Germanys final match before their World Cup start ended with a 2-1 win. But a tournament-ending injury to rising star Lennart Karl and doubts about veteran Manuel Neuer mean coach Julian Nagelsmann has work to do.,https://www.dw.com/en/germany-beat-usa-before-world-cup-but-injuries-cast-shadow/a-77446005?maca=en-rss-en-all-1573-rdf,DW,Inconnu,Sports,2026-06-12T21:12:06.981217,,,2026-06-12T21:12:06.981227
661,High-functioning depression: When success masks suffering,"People with depression don't always feel overwhelmed or struggle to get things done  some are highly efficient and productive, despite their low moods. So it can't be that bad, right? Wrong!",https://www.dw.com/en/high-functioning-depression-when-success-masks-suffering/a-77358072?maca=en-rss-en-all-1573-rdf,DW,Inconnu,Health,2026-06-12T21:12:06.981361,,,2026-06-12T21:12:06.981372
662,Hunger in Oleshky: Ukraine asks for evacuation,"The Ukrainian city of Oleshky has been occupied by Russian troops since 2022. Many residents are cut off from the outside world and living in dire conditions. Now, Kyiv wants to rescue them.",https://www.dw.com/en/hunger-in-oleshky-ukraine-asks-for-evacuation/a-77395744?maca=en-rss-en-all-1573-rdf,DW,Inconnu,World,2026-06-12T21:12:06.981483,,,2026-06-12T21:12:06.981492
663,Germany's Iran war lessons after 100 days,"The war waged by the US and Israel against Iran has now lasted 100 days. In that time, German Chancellor Friedrich Merz has drastically changed his stance on the war.",https://www.dw.com/en/germany-s-iran-war-lessons-after-100-days/a-77433873?maca=en-rss-en-all-1573-rdf,DW,Inconnu,Germany,2026-06-12T21:12:06.981597,,,2026-06-12T21:12:06.981607
664,Successive elections take a hit on Kosovo's coffers,"Sunday's election in Kosovo  the third in under 16 months  is marked by a clash between former allies PM Albin Kurti and ex-President Vjosa Osmani, deadlock in the dialogue with Serbia, and obstacles to EU integration.",https://www.dw.com/en/successive-elections-take-a-hit-on-kosovo-s-coffers/a-77390725?maca=en-rss-en-all-1573-rdf,DW,Inconnu,World,2026-06-12T21:12:06.981749,,,2026-06-12T21:12:06.981759
665,Why businesses are offering 'Quiet Hour',"More peace and quiet, less stress  the Quiet Hour is an initiative for people with invisible disabilities. An increasing number of stores and institutions in Germany are launching similar campaigns.",https://www.dw.com/en/why-businesses-are-offering-quiet-hour/a-77431877?maca=en-rss-en-all-1573-rdf,DW,Inconnu,Culture,2026-06-12T21:12:06.981876,,,2026-06-12T21:12:06.981885
666,Slovenia's political survivor Janez Jansa is back,The new coalition government of Slovenia's veteran leader Janez Jansa is already advancing divisive policies that some warn could deepen polarization.,https://www.dw.com/en/slovenia-s-political-survivor-janez-jansa-is-back/a-77433779?maca=en-rss-en-all-1573-rdf,DW,Inconnu,World,2026-06-12T21:12:06.981988,,,2026-06-12T21:12:06.981998
667,SSRI antidepressants are often 'carelessly prescribed',"SSRIs, like Prozac and Zoloft, are among the world's most-prescribed psychiatric drugs. These antidepressants help a lot of people. But they don't always work. In fact, some experts suggest they are overprescribed.",https://www.dw.com/en/ssri-antidepressants-are-often-carelessly-prescribed/a-77268134?maca=en-rss-en-all-1573-rdf,DW,Inconnu,Science,2026-06-12T21:12:06.982242,,,2026-06-12T21:12:06.982252
668,"What are Europe's alternatives to Instagram, TikTok and X?","As criticism of Instagram, TikTok and X grows in the EU, developers have been working on European social media apps. But can they compete? DW answers the key questions.",https://www.dw.com/en/what-are-europe-s-alternatives-to-instagram-tiktok-and-x/a-77398242?maca=en-rss-en-all-1573-rdf,DW,Inconnu,World,2026-06-12T21:12:06.982359,,,2026-06-12T21:12:06.982371
669,"German asylum benefits cuts violate EU law, top court rules","In a victory for rejected asylum-seekers, the European Court of Justice has ruled they must be given more than just the bare minimum to survive. But as the EU's new migration pact kicks in, will relief be short-lived?",https://www.dw.com/en/german-asylum-benefits-cuts-violate-eu-law-top-court-rules/a-77424233?maca=en-rss-en-all-1573-rdf,DW,Inconnu,World,2026-06-12T21:12:06.982738,,,2026-06-12T21:12:06.982758
670,EU seeking ways to speed up Western Balkans membership,European Council President Antonio Costa said new ways need to be found to speed up Western Balkans membership in the EU. His comments come ahead of an upcoming summit in Montenegro.,https://www.dw.com/en/eu-seeking-ways-to-speed-up-western-balkans-membership/a-77424398?maca=en-rss-en-all-1573-rdf,DW,Inconnu,News,2026-06-12T21:12:06.982984,,,2026-06-12T21:12:06.983003
671,Why Yad Vashem is coming to Germany,"""Remember""  every child in Israel knows the meaning of this Jewish commandment: Never forget the Holocaust. Now Yad Vashem wants to make sure people in Germany remember it too.",https://www.dw.com/en/why-yad-vashem-is-coming-to-germany/a-77416080?maca=en-rss-en-all-1573-rdf,DW,Inconnu,Culture,2026-06-12T21:12:06.983135,,,2026-06-12T21:12:06.983145
672,Germans at Russia's SPIEF: Who's really there?,Russian officials and media claim German businesses are comming back to the St. Petersburg Economic Forum despite the war in Ukraine. But who is actually attending Russia's flagship event this year?,https://www.dw.com/en/germans-at-russia-s-spief-who-s-really-there/a-77416709?maca=en-rss-en-all-1573-rdf,DW,Inconnu,Business,2026-06-12T21:12:06.983252,,,2026-06-12T21:12:06.983261
673,Germany's UN defeat: What went wrong?,"Austria and Portugal have won seats on the UN Security Council, ending Germany's 40-year streak. DW examines the foreign policy questions raised by Berlin's defeat.",https://www.dw.com/en/germany-s-un-defeat-what-went-wrong/a-77420221?maca=en-rss-en-all-1573-rdf,DW,Inconnu,Germany,2026-06-12T21:12:06.983362,,,2026-06-12T21:12:06.983390
674,Can Hawaii wean itself off oil imports?,"Hawaii imports much of its fuel  and pays the price. From solar to geothermal, the state is searching for a way out of fossil fuel dependence.",https://www.dw.com/en/can-hawaii-wean-itself-off-oil-imports/a-76967079?maca=en-rss-en-all-1573-rdf,DW,Inconnu,Environment,2026-06-12T21:12:06.983505,,,2026-06-12T21:12:06.983520
676,"Kushner-backed Albania resort sparks protests, EU concerns",Donald Trump's son-in-law is linked to a megaproject on Albania's protected coast that has triggered protests and EU scrutiny over risks to flamingos and endangered habitats.,https://www.dw.com/en/kushner-backed-albania-resort-sparks-protests-eu-concerns/a-77409540?maca=en-rss-en-all-1573-rdf,DW,Inconnu,World,2026-06-12T21:12:06.983736,,,2026-06-12T21:12:06.983746
